{"type":"FeatureCollection","features":[{"type":"Feature","properties":{"district":"Anugul"},"geometry":{"type":"Polygon","coordinates":[[[85.39504188800268,21.184706330142173],[85.38134312515368,21.168991464868526],[85.34111332280422,21.179175129136354],[85.3210115175281,21.160276883854692],[85.29139826313828,21.18065904835634],[85.2739480819952,21.173907086546254],[85.2443821094347,21.12402709886124],[85.25114843775131,21.11403113730057],[85.23345751847808,21.071193343766115],[85.18653760702816,21.08037176670395],[85.169162437524,21.057494985256238],[85.26396172330746,20.979996338317157],[85.24493405571295,20.959949844183765],[85.24264694186803,20.90718960321481],[85.26814665041445,20.890646326657862],[85.24955836321148,20.88384231744017],[85.26030603164897,20.86836889530316],[85.25705238322567,20.796316734293026],[85.2018077502715,20.7879367366381],[85.21623448847859,20.749145067993812],[85.19708448283168,20.677561096577573],[85.16829036441965,20.658955094607002],[85.17558362363053,20.70048685582244],[85.15379654181008,20.73133486769755],[85.14070510433525,20.72929990995883],[85.11509562011175,20.681766413814636],[85.13702416551497,20.639416680635794],[85.12963445457115,20.61525015956222],[85.09324977704658,20.610842948048383],[85.0672081722846,20.577040718323392],[85.02715339256524,20.587394637600966],[84.9924105091379,20.582583780981878],[84.98643782846685,20.567074910624584],[84.9512674568973,20.580723818760568],[84.89813437617036,20.580280934135402],[84.85162539701314,20.528222207828513],[84.77838342322381,20.60196259482249],[84.73431573598036,20.617849904632404],[84.63769557244774,20.624819211105354],[84.57175796100216,20.687256991888418],[84.45725035417765,20.743397734387045],[84.4264815678168,20.74160956478342],[84.372143733482,20.762836859077844],[84.35731886762368,20.78152652345199],[84.35731361990663,20.835656922816472],[84.26757893013678,20.889322856548333],[84.28289983750118,20.92712555559012],[84.33226574343016,20.952172198720685],[84.37259110337024,20.95485350723949],[84.40742024797342,20.978974540454193],[84.43595994061167,21.01421373529523],[84.41068440024277,21.030723822837395],[84.442196404327,21.034548268532294],[84.48516459876494,21.08251092102912],[84.53530735401868,21.088591289095536],[84.58931941529467,21.063855952330172],[84.65185592605353,21.084370450887533],[84.68330275847148,21.064155565632014],[84.67082019877513,21.09544467332042],[84.6856228649451,21.148986019450376],[84.72561397311189,21.149267752653802],[84.74535944262055,21.17085687173949],[84.80054508284218,21.1335326344897],[84.81917835622401,21.145202717967777],[84.7997777906068,21.166841845010307],[84.82348937146644,21.172563259284615],[84.88072570385872,21.165137022065363],[84.92271060399894,21.14208304683733],[84.93653919529484,21.156950743022733],[84.93440004394225,21.180746301235647],[84.95018250342386,21.17569721409209],[84.96309564243059,21.148652487779128],[84.97399231744245,21.161109681388083],[84.96865605815363,21.191336931713252],[84.94362694997584,21.19724966322411],[84.9308300807688,21.23171723420671],[84.90185408937435,21.259200032354617],[84.96341969610695,21.29861410134708],[84.99227737982257,21.28836101698859],[85.03746312060566,21.294320468125065],[85.011550390296,21.32553756687141],[84.99599437666004,21.410572965529887],[85.00723916186415,21.442941611543173],[85.02120100113864,21.443307327497386],[85.02431415085591,21.456857352208953],[85.06026225553877,21.44243360910222],[85.07750981455479,21.457233210173122],[85.15745557894806,21.460382210350573],[85.20638503912082,21.52041702496867],[85.21572130175522,21.554000761010684],[85.201201911597,21.578991509284403],[85.15052658476311,21.594015938920403],[85.17081680634656,21.622322208559353],[85.19150924695982,21.62400267111839],[85.19728372545978,21.640155853864602],[85.1837331901403,21.65429734921036],[85.21126546747905,21.67481413893617],[85.2512253652028,21.675955033147808],[85.26555228695764,21.628381454783906],[85.29242498659447,21.602148639666648],[85.2879609011264,21.587000777953907],[85.3130711471004,21.566575650144575],[85.30190332933361,21.539247870800185],[85.32442816919932,21.531481067671212],[85.33217010217011,21.49280282494275],[85.30880505903278,21.449122523586986],[85.25935101485429,21.451066775095377],[85.27535421129883,21.427034835230685],[85.3053907605946,21.413905368748974],[85.30727350292382,21.394829413670802],[85.34381117428346,21.358820400101703],[85.3268022081709,21.319463305656964],[85.31592820663985,21.32887032980255],[85.27479077929551,21.301578132825608],[85.27411484966015,21.275075542700836],[85.28735983108558,21.26542733753344],[85.30035794039455,21.27585559523537],[85.36906742114377,21.24072713490301],[85.39504188800268,21.184706330142173]]]}},{"type":"Feature","properties":{"district":"Balangir"},"geometry":{"type":"Polygon","coordinates":[[[83.45929295524819,21.05494645314746],[83.45072380242401,21.019140563228405],[83.4709377910294,20.997600399445258],[83.57528797272506,20.97508805166062],[83.64113776321034,20.98233839569241],[83.61128552065297,20.933366890673796],[83.62085663573478,20.903689147769295],[83.57978937861557,20.873481072526456],[83.57384675216937,20.85282709886302],[83.62560404946578,20.826739614827627],[83.6241359210095,20.81600947067011],[83.59729693001763,20.822361157239904],[83.59754478813612,20.802664331765666],[83.63623498885595,20.796853578015035],[83.63769941894425,20.771790852999167],[83.65602802808861,20.77300073805083],[83.65339171296698,20.751902751683282],[83.67777329678626,20.742197013634023],[83.62248848067615,20.630563967798746],[83.59585877847815,20.603606945543078],[83.5954582886461,20.541980564281065],[83.60637171222587,20.529909935725925],[83.58299518506927,20.523679308206752],[83.57227719966063,20.484477561580633],[83.58502712225632,20.48611783592004],[83.66631042168743,20.422884550805847],[83.64885146350916,20.38605751037565],[83.65536936475245,20.367677354322275],[83.63011649367151,20.368562188818657],[83.62517058442701,20.350666481458575],[83.57719612390574,20.36508365613008],[83.55687289142024,20.400166070216628],[83.50832049661506,20.415432673741766],[83.49197599018028,20.40610491978344],[83.48778064111163,20.454020980019116],[83.42355203487429,20.40334238745525],[83.41225741111866,20.37250860078576],[83.37046637724623,20.342674372122268],[83.36038587663015,20.315016542731076],[83.30035991506729,20.30348681189632],[83.28537388527656,20.28090665150722],[83.23912420265077,20.256666802613285],[83.22642871262475,20.204964869923828],[83.1837031186841,20.172783861020083],[83.14557889933415,20.170231707036088],[83.12829540992313,20.19393478861251],[83.09100755048108,20.198652003437775],[83.01344798266933,20.170444132355488],[82.93239618793118,20.179272493443555],[82.9092216252783,20.14783888652043],[82.81782275217533,20.16931790054202],[82.81820258113757,20.188392093646733],[82.84295504079456,20.191802777545806],[82.85703427139411,20.214043241166962],[82.86242452607954,20.27031452122644],[82.85052339588121,20.28749227064286],[82.82537623511428,20.2824113728599],[82.81439329860468,20.295122705684236],[82.8232441987415,20.321757186369148],[82.83726996725537,20.320463717406163],[82.84016091025438,20.294933664130717],[82.85074348301558,20.293210104165095],[82.85500917573792,20.33706039093537],[82.8174638249604,20.358584522922452],[82.81469282603175,20.328137436476656],[82.7923514935195,20.326041656252677],[82.81734511940422,20.383106909894355],[82.7713162505848,20.354748433326687],[82.71964528146574,20.35746835931924],[82.73224418192119,20.384248228240043],[82.68673355474034,20.450053105880333],[82.70747729895594,20.500174092420437],[82.7134405016624,20.566956815639625],[82.73026677529626,20.581082506827965],[82.74321654053557,20.62299263958103],[82.72408901434788,20.67173196732911],[82.69632079158394,20.680711500290546],[82.70293201513529,20.725693475652267],[82.73756295237487,20.725434680671487],[82.74874919182137,20.773023909747703],[82.77592945665603,20.80735129391935],[82.8911117851644,20.910207141577473],[82.91965462030012,20.903650407297295],[82.92954671620122,20.887813539645716],[82.96887861296145,20.896606449812065],[82.99345496894466,20.84915424331521],[83.01384354591036,20.86096652956158],[83.09085047266981,20.861190123515307],[83.10476609195881,20.87601742670187],[83.13252569603493,20.86355675966707],[83.1477827698342,20.88291589779008],[83.19430361057879,20.898494080842596],[83.2194865726912,20.935025999149676],[83.25418082019246,20.919312916215546],[83.28290586858259,20.844086810897405],[83.32031109981757,20.863181022593874],[83.33305316159358,20.88420623773256],[83.35078922391337,20.87643129556537],[83.41320160741661,20.896011851113155],[83.41640512464706,20.909725359457106],[83.38335882319898,20.94330003990416],[83.38627138962995,20.993192708556794],[83.36455101593792,21.005527196614093],[83.3300783085076,20.984896499803774],[83.29698396862582,21.0154083076569],[83.32481949920093,21.05539793558067],[83.35864600439113,21.0695877034801],[83.39813805289222,21.067559911631854],[83.42779407133499,21.031654899170608],[83.45929295524819,21.05494645314746]]]}},{"type":"Feature","properties":{"district":"Baleshwar"},"geometry":{"type":"MultiPolygon","coordinates":[[[[87.19295680939905,21.961551293222218],[87.23938515525744,21.958925742695204],[87.23677087711029,21.944929954442912],[87.25690317873699,21.92240811531722],[87.23933640856295,21.900238775979563],[87.27603415163206,21.808193703964715],[87.29726732078007,21.810266588154008],[87.34108385824116,21.784018169088153],[87.35648018210927,21.790555892127816],[87.37447643918168,21.764942445028673],[87.38766763870797,21.77570943789817],[87.44795876668633,21.765759892942846],[87.45564681735928,21.737322459674672],[87.44721365358862,21.73396278882503],[87.46943147625674,21.73127760504545],[87.4750766012885,21.71213471712812],[87.46289532296429,21.64999923951361],[87.48630765934449,21.63095653466804],[87.49020214407525,21.60264745194947],[87.43763428792442,21.58063716324902],[87.41007958639747,21.544871688597585],[87.3844762660396,21.57289348064433],[87.33848062375637,21.57632754240255],[87.37356081391088,21.562461707752483],[87.39656435356831,21.532169011850673],[87.3614325451782,21.541140212757103],[87.22306263032445,21.535239341664557],[87.15024050301305,21.507884189622626],[87.08835954902506,21.45894385164692],[87.07015852636992,21.46206278828672],[87.05264785620214,21.42870950348225],[86.95148287027622,21.357754112677405],[86.86120670913778,21.20885938027979],[86.83408039423634,21.207334401069666],[86.8096088187334,21.230002388192123],[86.7729513899026,21.224106392650018],[86.76034171313191,21.198513179763985],[86.77612473136053,21.17108793444125],[86.70954496823146,21.182829487063266],[86.67214764653214,21.16386310901399],[86.65610798317881,21.108664769226024],[86.66834937741079,21.096423590529593],[86.66396500405907,21.08344708385529],[86.64640959307488,21.081739032871607],[86.64921496764795,21.06337796336834],[86.63161668368218,21.06857804265311],[86.62863263751474,21.093209824502566],[86.59245978178167,21.098027269723264],[86.55857986657122,21.15698627393487],[86.54007694594127,21.160096308767894],[86.51155164036244,21.137204723260673],[86.43558465788863,21.159823206831636],[86.44400421666373,21.17742250153798],[86.43232117415265,21.183541999937148],[86.44947892721765,21.20104304763499],[86.43815440019033,21.22059543333165],[86.41736518719975,21.209234952575418],[86.37462179470207,21.23131912028376],[86.36178967818473,21.300192206306452],[86.42787544584391,21.331698962642598],[86.44326522234486,21.35570640623832],[86.48972612640549,21.380297801378553],[86.53488815028518,21.42774230444505],[86.58538464073199,21.52080048593537],[86.6374705121617,21.52904046662889],[86.65261122444787,21.578767636042965],[86.68811002049273,21.59389237289077],[86.70634968274017,21.584371507255817],[86.7545049860685,21.60529283255533],[86.84939475288031,21.604891927006204],[86.86763491352639,21.592155875473427],[86.88890977711553,21.610843004743042],[86.87866850170073,21.635027477649796],[86.91255051094855,21.57931448519644],[86.9249287357685,21.591940788703035],[86.95903002817177,21.57235811697827],[86.96057631270217,21.595367094437986],[86.96440697867898,21.58153832226709],[87.0076010988518,21.598304272561254],[86.98839754137019,21.625620782032826],[87.00612602128518,21.625301436013693],[87.01245022287718,21.64780990594276],[86.99378476482269,21.648641041476907],[86.98962835423252,21.66689579282652],[87.01552025823321,21.674057203402246],[87.0314059930185,21.66025593036437],[87.05429170603473,21.683224254447754],[87.0388125640886,21.6956958919948],[87.0273645517459,21.740665827249614],[87.04825580127506,21.739155568227137],[87.04876516301783,21.710560666885648],[87.07213755692864,21.706311250676364],[87.09424614141001,21.726472811192583],[87.08773485491551,21.737432803878196],[87.09550471024717,21.731975353545927],[87.10191521576989,21.750861007904838],[87.12278453553797,21.754749097987343],[87.10596922832482,21.783071552615354],[87.11937449691655,21.785978034193917],[87.1242974806987,21.771294328276507],[87.1460046894866,21.763382133155194],[87.1598093518877,21.76811390197158],[87.17445414076454,21.810285592878362],[87.18437754439354,21.789946723649244],[87.17855204283426,21.812125083510246],[87.10560951309537,21.856483302298336],[87.09321566281409,21.899695996471966],[87.10933905978955,21.922410015402356],[87.16291307871704,21.935132727202163],[87.17204187142612,21.977918840797855],[87.19295680939905,21.961551293222218]]],[[[86.88968226146585,20.78672042588476],[86.95497793995895,20.77720176375799],[86.88069207732899,20.780312263828844],[86.88968226146585,20.78672042588476]]],[[[86.99537886297836,20.847559876931484],[86.98751183643292,20.857871582423023],[86.99411076675806,20.864814122464335],[86.99537886297836,20.847559876931484]]],[[[86.99928106580423,20.79509376413215],[86.9905058752607,20.796491471601634],[86.99567692639258,20.807234688020596],[86.99928106580423,20.79509376413215]]]]}},{"type":"Feature","properties":{"district":"Bargarh"},"geometry":{"type":"Polygon","coordinates":[[[83.7998582734909,21.566193543473087],[83.81527146679674,21.539688621281666],[83.84679406970218,21.52728621465729],[83.88679189157862,21.43879840025798],[83.84957322954713,21.410204101438925],[83.88093259117929,21.39006606085731],[83.87162066069286,21.31058602542243],[83.8783956536706,21.29374982075861],[83.89154485817622,21.296631817005935],[83.91421231922165,21.239523924598224],[83.89585842977095,21.178138696162325],[83.84481801448553,21.09735781843612],[83.79968277410178,21.115994367295603],[83.7854136595779,21.152077800887458],[83.7700520130906,21.1549654612051],[83.71812869817207,21.121055138854224],[83.61377215336259,21.12900348130005],[83.5521019069536,21.076985119511978],[83.49770802297415,21.061777578213412],[83.49900892404374,21.041652664755166],[83.4659877143911,21.060019505074226],[83.42779407133499,21.031654899170608],[83.39813805289222,21.067559911631854],[83.35864600439113,21.0695877034801],[83.32481949920093,21.05539793558067],[83.29698396862582,21.0154083076569],[83.3300783085076,20.984896499803774],[83.36455101593792,21.005527196614093],[83.38627138962995,20.993192708556794],[83.38335882319898,20.94330003990416],[83.41640512464706,20.909725359457106],[83.41320160741661,20.896011851113155],[83.35078922391337,20.87643129556537],[83.33305316159358,20.88420623773256],[83.32031109981757,20.863181022593874],[83.28290586858259,20.844086810897405],[83.25418082019246,20.919312916215546],[83.2194865726912,20.935025999149676],[83.19430361057879,20.898494080842596],[83.1477827698342,20.88291589779008],[83.13252569603493,20.86355675966707],[83.10476609195881,20.87601742670187],[83.09085047266981,20.861190123515307],[83.01384354591036,20.86096652956158],[82.99345496894466,20.84915424331521],[82.96887861296145,20.896606449812065],[82.92954671620122,20.887813539645716],[82.91965462030012,20.903650407297295],[82.8911117851644,20.910207141577473],[82.77592945665603,20.80735129391935],[82.74874919182137,20.773023909747703],[82.73756295237487,20.725434680671487],[82.6908463771354,20.729344801088978],[82.69844568073748,20.75725266229521],[82.68555748114083,20.872753588606816],[82.70137054449751,20.940313310701075],[82.68967623618381,20.97237991975718],[82.69376657427823,21.02170873240266],[82.66865566963824,21.068736422469232],[82.63920359845001,21.090060371766214],[82.65509574572391,21.1280103383856],[82.64327972492961,21.15244394638274],[82.75962111021157,21.162839071079425],[82.7961775820086,21.142444046717486],[82.81980356451018,21.161723517521935],[82.87614675723009,21.162969624289207],[82.88655489616183,21.152336308553284],[82.96337088452728,21.178766413849633],[82.97244136825705,21.15908155560355],[83.00026719613831,21.157628658020784],[83.04787732710271,21.122396294234356],[83.12711770623937,21.10463664724631],[83.16864941725149,21.135011921608317],[83.19735384952244,21.139120009548837],[83.22628950942503,21.22716433065559],[83.22558681211176,21.26350686385378],[83.24967242070196,21.279817572134732],[83.27491881447813,21.272005287508563],[83.28177979865274,21.28906270858792],[83.26132726135081,21.31571003224738],[83.27724240916923,21.378281546445194],[83.38201306547047,21.343361135655933],[83.40984202818149,21.351845333317737],[83.40095450677843,21.402754197738854],[83.37732595585048,21.439331608239517],[83.35748196974042,21.447179021831392],[83.34181409287423,21.498645380341095],[83.37409764818605,21.55604346839405],[83.37536199303842,21.60002470167196],[83.44838729700948,21.652200677175276],[83.448487999606,21.621071239777507],[83.47012496600661,21.608537006039175],[83.4770453165356,21.62975941306704],[83.49168078211429,21.628564744698387],[83.49021314739146,21.642588610352824],[83.52715372893786,21.67265792460686],[83.55988875605432,21.743058748656182],[83.69493133539333,21.701599487875985],[83.72721267267535,21.630738623582914],[83.7998582734909,21.566193543473087]]]}},{"type":"Feature","properties":{"district":"Bauda"},"geometry":{"type":"Polygon","coordinates":[[[84.26757893013678,20.889322856548333],[84.35731361990663,20.835656922816472],[84.35731886762368,20.78152652345199],[84.372143733482,20.762836859077844],[84.4264815678168,20.74160956478342],[84.45725035417765,20.743397734387045],[84.57175796100216,20.687256991888418],[84.63769557244774,20.624819211105354],[84.76393281347737,20.60888096990823],[84.7943491488926,20.58117079084827],[84.79630120582534,20.560300832002056],[84.77093717674771,20.531366197411625],[84.74464515971782,20.540488583718517],[84.72064116545793,20.52574194559561],[84.68479874481866,20.46294658145669],[84.69237906119085,20.442217024156104],[84.67515720942937,20.429945402250386],[84.62216466110284,20.43434260138237],[84.56168866771564,20.41292285907684],[84.54696590838715,20.422003419611478],[84.48743905467285,20.38668028306019],[84.46289908447966,20.396798912911894],[84.4654826040029,20.44170818925806],[84.455428091389,20.467860313033952],[84.42919836229387,20.483452089490207],[84.43531034162827,20.50857174922868],[84.39319280220072,20.531344277304065],[84.3856708074743,20.602227278916125],[84.36075917499394,20.67380591126349],[84.31909370473865,20.69442954577344],[84.27835378917689,20.674435870622933],[84.28270768305575,20.6427507114273],[84.25608461336972,20.60514204300647],[84.22150440867848,20.58716831223615],[84.18888459613774,20.590753509086998],[84.17837611352591,20.604572373378687],[84.14567861877964,20.583952668808713],[84.07449593956633,20.598145096382442],[84.00699197971403,20.569607664885552],[83.97251642833399,20.5862594316101],[83.94319178393349,20.582527210100256],[83.93804322314904,20.60327123805058],[83.91712677222333,20.616332660174436],[83.91479074540598,20.580237186004446],[83.85838082387052,20.57222699533879],[83.84272501594162,20.544386964693395],[83.82376734218933,20.547448744970982],[83.81879278378987,20.523933200022174],[83.79631517942454,20.509694746863854],[83.82968354878403,20.45125799783224],[83.81187738390413,20.449781444473484],[83.80971290821842,20.432175253770314],[83.78767765662312,20.4431297240856],[83.77888588197123,20.411985502917172],[83.72224620177933,20.434655373859457],[83.69547828421614,20.41609523170407],[83.68022599123344,20.42907323490268],[83.66599266982182,20.42300605292957],[83.58502712225632,20.48611783592004],[83.57227719966063,20.484477561580633],[83.58299518506927,20.523679308206752],[83.6479313423946,20.53743495110607],[83.68906723510369,20.560620146440954],[83.7314884071819,20.60622414503577],[83.73480443802401,20.622308056298795],[83.71869229168968,20.640189551609318],[83.75943085320854,20.715526885433356],[83.76335930420153,20.7750029180118],[83.78120166731985,20.798866034793836],[83.84515549975936,20.823748324151428],[83.89866957302472,20.81606900423806],[83.94054729304791,20.840987547415693],[84.05498770086818,20.82829490432592],[84.1129013377087,20.84561121928674],[84.21786510867366,20.90169550503823],[84.26757893013678,20.889322856548333]]]}},{"type":"Feature","properties":{"district":"Bhadrak"},"geometry":{"type":"Polygon","coordinates":[[[86.86120670913778,21.20885938027979],[86.84318343613893,21.156943239424237],[86.85423611201682,21.095827208791547],[86.97917957333073,20.86003759106654],[86.97051477299547,20.790887172897428],[86.89215199001042,20.792493709422715],[86.87996082401787,20.808169054673048],[86.82309895799474,20.769321462827325],[86.81764163313079,20.75214030627349],[86.79588208757558,20.752413908359117],[86.79802815199925,20.738531284254094],[86.76537116192,20.73574757843105],[86.76063624098879,20.77041729611204],[86.7136054440475,20.762639424808985],[86.71085792675964,20.77681475251415],[86.66094288818866,20.79857726940176],[86.64625725380837,20.7897843213975],[86.61680511681045,20.7975967965749],[86.62503474520557,20.80989677422318],[86.5969191762866,20.857118827525106],[86.51746021922564,20.871269872788034],[86.46989687357654,20.86067682722072],[86.45777865934714,20.84513585028426],[86.393639731858,20.865205600237665],[86.35512333024197,20.853096871476247],[86.32971693635437,20.865491465027702],[86.33727323713985,20.876493344218346],[86.31298605638231,20.89593959942045],[86.2824158339713,20.906434841994926],[86.29001518267863,21.018456684562025],[86.3068859692946,21.016923885536254],[86.31549363026852,21.056568838391534],[86.32655782467363,21.0594801658322],[86.30707765018657,21.08755360683366],[86.310754594783,21.111323369514245],[86.29030827889287,21.118204999319477],[86.27447806175496,21.146777955271876],[86.29307983374636,21.17566698269821],[86.3403755827476,21.1796014450525],[86.35443219733867,21.235900471103676],[86.3713196786768,21.23856407747281],[86.41736518719975,21.209234952575418],[86.43815440019033,21.22059543333165],[86.44947892721765,21.20104304763499],[86.43232117415265,21.183541999937148],[86.44400421666373,21.17742250153798],[86.43558465788863,21.159823206831636],[86.51155164036244,21.137204723260673],[86.54007694594127,21.160096308767894],[86.55857986657122,21.15698627393487],[86.59245978178167,21.098027269723264],[86.62863263751474,21.093209824502566],[86.64271230136588,21.060902964230348],[86.64640959307488,21.081739032871607],[86.66396500405907,21.08344708385529],[86.66834937741079,21.096423590529593],[86.65611942368751,21.103045663361904],[86.65727647604304,21.12795566400361],[86.67656078480225,21.167627678471597],[86.69359623578293,21.166592648275802],[86.70954496823146,21.182829487063266],[86.77612473136053,21.17108793444125],[86.76034171313191,21.198513179763985],[86.7729513899026,21.224106392650018],[86.8096088187334,21.230002388192123],[86.83408039423634,21.207334401069666],[86.86120670913778,21.20885938027979]]]}},{"type":"Feature","properties":{"district":"Cuttack"},"geometry":{"type":"MultiPolygon","coordinates":[[[[85.96566513807791,20.672917673712348],[86.04873307845057,20.58977216617141],[86.08285261382582,20.59832973639198],[86.09303945780586,20.617890567897902],[86.11990841709314,20.617437954289464],[86.14946872471734,20.643382084563918],[86.17613553241566,20.644769041815195],[86.18158718729786,20.658905104225944],[86.1964319857533,20.64586294499069],[86.16980883748779,20.63702109238812],[86.18933703496114,20.62378657250072],[86.21031072321053,20.633135622580383],[86.21437403936966,20.617593156294223],[86.25495992533118,20.607339928094685],[86.26280290869572,20.589152659838156],[86.28386884559647,20.583942224453313],[86.25307578275739,20.538377768151516],[86.27787672488384,20.51727096730573],[86.26839048883085,20.450934659959785],[86.27899665772671,20.44597907362115],[86.27176829252697,20.398420779136245],[86.28108688494274,20.39729280145539],[86.25362924788739,20.37810454843698],[86.25503666549946,20.36654092462093],[86.20208022209057,20.36322783741383],[86.17552267297172,20.37767359611333],[86.13718300180965,20.35698209765321],[86.0873000763095,20.367307034327663],[86.02774800156396,20.40128984366006],[86.01512261282058,20.381183592156862],[86.03589620909611,20.340036253916498],[86.03285945232132,20.296814685162847],[86.06955361198348,20.271584811431183],[86.0793851819906,20.245602457188497],[86.15152254521946,20.222032859237423],[86.14683758051004,20.146035963596123],[86.16717687099747,20.111887614396892],[86.15748327429576,20.093978433102926],[86.18949647209733,20.053450105062637],[86.17080169545933,20.04105531761994],[86.12223169801335,20.042166431902174],[86.12841544508976,20.060165743246564],[86.08204716907491,20.068689671663908],[86.08521715734332,20.104357436438956],[86.03633098034742,20.143318535933762],[86.04890153948465,20.14304140350677],[86.05487081692117,20.165116539107714],[86.04294659753795,20.18008993765709],[86.02784320757253,20.17079597786997],[86.007824036521,20.224107156213304],[85.93409590412685,20.27262489282924],[85.93750279503374,20.286994045026],[85.9144292546622,20.317069501191053],[85.92094842071681,20.323473515418897],[85.93176801943162,20.311573300506414],[85.92897209892725,20.32837742573714],[85.90189261066837,20.351080809900765],[85.90048631804706,20.367526237277133],[85.87040440421805,20.33574862580253],[85.89222605598434,20.312453835892082],[85.88462265393743,20.287036374012843],[85.80245518933468,20.320798995284267],[85.79920682882556,20.336444539210518],[85.83087467147672,20.40384806607065],[85.80752034921919,20.43364126201868],[85.78738519812546,20.432800600814602],[85.78736071359081,20.409511404435314],[85.77364690828394,20.4031516061503],[85.76784341692262,20.412129930395327],[85.71584167998897,20.399321864260358],[85.67898097756544,20.32427955867671],[85.64400990448532,20.322937268004086],[85.62674591935838,20.292023481111443],[85.55312714836089,20.313125394227274],[85.52302794070131,20.293348576764718],[85.46151818697217,20.294519215052176],[85.45468883897145,20.266545705857705],[85.42195492978868,20.272237598478565],[85.40832499988294,20.25610689621981],[85.38291832611414,20.285606709106286],[85.3370817789096,20.272154821000253],[85.37135726436121,20.36628757484874],[85.27821002875167,20.35774627746129],[85.16048804938815,20.37821740703687],[84.94559893956382,20.492268486121038],[84.8849136130069,20.499124574748],[84.85162539701314,20.528222207828513],[84.89813437617036,20.580280934135402],[84.9512674568973,20.580723818760568],[84.98643782846685,20.567074910624584],[84.9924105091379,20.582583780981878],[85.02715339256524,20.587394637600966],[85.0672081722846,20.577040718323392],[85.09324977704658,20.610842948048383],[85.12959311847371,20.61527460892187],[85.20946457551253,20.575021936544942],[85.200660538971,20.567446301102176],[85.21312463916472,20.54780657344354],[85.25249849022546,20.518163274127225],[85.38627846592018,20.498655733854374],[85.40300532271756,20.48607040256465],[85.40684787034877,20.51002598575539],[85.4582422406018,20.4851791154195],[85.51184919976677,20.535451965134026],[85.58966136484351,20.51215250002375],[85.59989019662251,20.53612601656402],[85.65894595452838,20.54990037004808],[85.71079675101824,20.604961382646596],[85.70899297072819,20.62675468763587],[85.72977250735084,20.64523679730329],[85.75763955773505,20.634916262451014],[85.76723514659903,20.660269241901236],[85.79214921721851,20.672548123546047],[85.80940550777251,20.660214125260612],[85.86635588363082,20.667585988563125],[85.8843649088743,20.657938321045417],[85.92205304776927,20.699504908913223],[85.96566513807791,20.672917673712348]]],[[[86.38936784107949,19.96351229513194],[86.38434756589828,19.978648205447616],[86.42633802638673,20.010420081667945],[86.38936784107949,19.96351229513194]]],[[[86.43224827680345,20.02323719192068],[86.42401263815074,20.021837461568047],[86.43342365176373,20.038386561921456],[86.43224827680345,20.02323719192068]]]]}},{"type":"Feature","properties":{"district":"Debagarh"},"geometry":{"type":"Polygon","coordinates":[[[84.67989431176416,21.73450347506972],[84.69794645504717,21.706658828685775],[84.72063926318737,21.714931155082585],[84.74913125209335,21.68143067208005],[84.75929200150648,21.624658445535523],[84.7933908508133,21.631844649521753],[84.79322866039938,21.668384759518744],[84.86591037972198,21.652347003941916],[84.91725282799396,21.6702985231845],[84.94263588712082,21.659844048161514],[84.96001281652623,21.68278516799839],[84.98020089377665,21.673199725557662],[85.00039926515818,21.6819868826974],[85.02772962606753,21.671533842769325],[85.03683598334861,21.606559663760642],[85.05199443609948,21.58888326009227],[85.08815302365113,21.603391100557467],[85.1866868257368,21.588724863813763],[85.21550946216783,21.555737223768237],[85.20638503912082,21.52041702496867],[85.15745557894806,21.460382210350573],[85.07750981455479,21.457233210173122],[85.06026225553877,21.44243360910222],[85.02431415085591,21.456857352208953],[85.02120100113864,21.443307327497386],[85.00420768567292,21.439651507317976],[84.99599437666004,21.410572965529887],[85.01321669555577,21.317662290680385],[85.03746312060566,21.294320468125065],[84.99227737982257,21.28836101698859],[84.96341969610695,21.29861410134708],[84.90185408937435,21.259200032354617],[84.9308300807688,21.23171723420671],[84.94362694997584,21.19724966322411],[84.96865605815363,21.191336931713252],[84.97399231744245,21.161109681388083],[84.96309564243059,21.148652487779128],[84.95018250342386,21.17569721409209],[84.93042918168769,21.181007921821767],[84.93653919529484,21.156950743022733],[84.92271060399894,21.14208304683733],[84.88072570385872,21.165137022065363],[84.82348937146644,21.172563259284615],[84.7997777906068,21.166841845010307],[84.81917835622401,21.145202717967777],[84.79546700689069,21.13556142858848],[84.76419817079132,21.150117399777486],[84.74481335311405,21.170559149884546],[84.7413476954638,21.196638997564545],[84.72223703487141,21.205802900640354],[84.74418838672696,21.231993940739635],[84.76129456311644,21.22436371745274],[84.77241404148661,21.252183227353044],[84.75837141505791,21.257692300039523],[84.76636203552107,21.272261916755618],[84.71729988294766,21.31496490307422],[84.67260185289382,21.31525610988585],[84.63249309792718,21.275527761351732],[84.57103949999858,21.251079406876258],[84.57020861179686,21.32070589286291],[84.54917638511769,21.37188943300555],[84.53768383933848,21.380707173190412],[84.49133061282782,21.36764376168041],[84.49648181421365,21.383233617656536],[84.48255752632988,21.39294832680286],[84.49315071772263,21.41242749299237],[84.48223893846017,21.424077792615357],[84.49139032746164,21.47334032672259],[84.47952139846656,21.480139405096626],[84.5021901308839,21.49576034134234],[84.48519830643619,21.511091979304037],[84.51164544643346,21.559287549846],[84.54478175282601,21.569617050670143],[84.53997213458305,21.578601940702747],[84.57500261010085,21.572385182910903],[84.52760320937294,21.622621686373765],[84.49148095798611,21.637699718793513],[84.50161736859725,21.672021306301595],[84.51343797546507,21.683454830846404],[84.54477777556302,21.67671938799477],[84.5704220533015,21.698589577760664],[84.62773735710682,21.694722543448645],[84.63931564727696,21.70449659322803],[84.63898029682841,21.73692316187539],[84.67989431176416,21.73450347506972]],[[84.88199804192158,21.17433430509752],[84.87718875839555,21.18338864818898],[84.87542473898071,21.174027701235797],[84.88199804192158,21.17433430509752]]]}},{"type":"Feature","properties":{"district":"Dhenkanal"},"geometry":{"type":"MultiPolygon","coordinates":[[[[85.68744976999282,21.185268311412994],[85.71050768393793,21.181478629969078],[85.72856742686953,21.143296162600002],[85.70069818962958,21.139041682416163],[85.68507663633072,21.117824719624515],[85.70606866898252,21.07396941607936],[85.73058784070531,21.063044387812727],[85.724476960497,20.983220962613846],[85.74279866046419,20.991865729199898],[85.77962823431223,20.981611654659503],[85.80398636180996,20.96641783193191],[85.8279431128001,20.92610926340726],[85.92013392145297,20.927316224831184],[85.92217853239853,20.898117623970162],[85.90152402438949,20.8466075834266],[86.03386458864988,20.80880748951651],[86.0260469161951,20.72611969961243],[85.9856505867418,20.735204360983523],[85.90869795959054,20.712326821275735],[85.91030439046379,20.68286786983225],[85.8843649088743,20.657938321045417],[85.86635588363082,20.667585988563125],[85.80940550777251,20.660214125260612],[85.79214921721851,20.672548123546047],[85.76723514659903,20.660269241901236],[85.75763955773505,20.634916262451014],[85.72977250735084,20.64523679730329],[85.70899297072819,20.62675468763587],[85.71079675101824,20.604961382646596],[85.65894595452838,20.54990037004808],[85.59989019662251,20.53612601656402],[85.58966136484351,20.51215250002375],[85.51184919976677,20.535451965134026],[85.4582422406018,20.4851791154195],[85.40684787034877,20.51002598575539],[85.40300532271756,20.48607040256465],[85.38627846592018,20.498655733854374],[85.25249849022546,20.518163274127225],[85.21312463916472,20.54780657344354],[85.200660538971,20.567446301102176],[85.20946457551253,20.575021936544942],[85.12963445457115,20.61525015956222],[85.13702416551497,20.639416680635794],[85.11509562011175,20.681766413814636],[85.14070510433525,20.72929990995883],[85.15379654181008,20.73133486769755],[85.17558362363053,20.70048685582244],[85.16829036441965,20.658955094607002],[85.19708448283168,20.677561096577573],[85.21623448847859,20.749145067993812],[85.2018077502715,20.7879367366381],[85.25705238322567,20.796316734293026],[85.26030603164897,20.86836889530316],[85.24955836321148,20.88384231744017],[85.26814665041445,20.890646326657862],[85.24264694186803,20.90718960321481],[85.24493405571295,20.959949844183765],[85.26396172330746,20.979996338317157],[85.22992898977883,21.01672255767952],[85.1680139814748,21.053207587857933],[85.18653760702816,21.08037176670395],[85.23345751847808,21.071193343766115],[85.26897582346369,21.16984617981626],[85.29139826313828,21.18065904835634],[85.3210115175281,21.160276883854692],[85.34111332280422,21.179175129136354],[85.38134312515368,21.168991464868526],[85.39504188800268,21.184706330142173],[85.46333288594768,21.12718099410967],[85.49785192882229,21.113340789021912],[85.54872050652831,21.166326673211703],[85.61113404999786,21.13710795842742],[85.63808764232995,21.16542357959922],[85.66517021616126,21.166144465865326],[85.68744976999282,21.185268311412994]]],[[[84.88199804192158,21.17433430509752],[84.87542473898071,21.174027701235797],[84.87718875839555,21.18338864818898],[84.88199804192158,21.17433430509752]]]]}},{"type":"Feature","properties":{"district":"Gajapati"},"geometry":{"type":"Polygon","coordinates":[[[84.24107138322957,19.575247506103125],[84.25137279307224,19.57163586373831],[84.25684555697177,19.49694482806915],[84.30496471802883,19.495466161683865],[84.32475436646784,19.555915926643376],[84.36461948963733,19.538574511224667],[84.37222990076954,19.54597903533446],[84.37483039369349,19.483315605464934],[84.40728543189584,19.44486117153264],[84.38261417644756,19.380898761916747],[84.44078230309977,19.362537893633124],[84.41619255160283,19.333316796593458],[84.42838843392836,19.298221729478204],[84.41088139183921,19.22515085162506],[84.39826315281992,19.200261552448396],[84.36084381579647,19.185565852333752],[84.39079586508885,19.140679261558738],[84.37763882473192,19.140333517957803],[84.38835670047476,19.125365413822628],[84.38251971440964,19.08865741439204],[84.35089266747718,19.022263978745368],[84.38247943481342,18.99001405013654],[84.4017980037066,19.004962405593858],[84.42173989553088,18.985999725475832],[84.44202619146336,18.985748395170226],[84.44795506930403,18.975883374220114],[84.42293945500884,18.94702628477291],[84.43672900000429,18.922729472040505],[84.42533200531878,18.909725043331584],[84.4135173520258,18.915176829184745],[84.41945151923031,18.903017955403055],[84.40519884562806,18.895198785689317],[84.37271415341645,18.905287855850187],[84.39501834189156,18.886763970308404],[84.39061452307148,18.87837996666618],[84.35885389332414,18.89224600541742],[84.37898040364304,18.87631884144332],[84.36983035480247,18.860189280760313],[84.34344305047813,18.875775375385118],[84.35153806660799,18.821130265788085],[84.33675693088368,18.81819004717703],[84.33968475265402,18.801244221008584],[84.3163349104799,18.787661724146805],[84.29140437624422,18.79999946266437],[84.25970538290466,18.78167171445079],[84.22423193252644,18.79639910717505],[84.18738254345938,18.778104595259205],[84.15893842774727,18.78484736377374],[84.13054244390638,18.757393764898495],[84.08940277475529,18.753733524361717],[84.0346913201428,18.811115369202316],[83.94745748656375,18.805440268860742],[83.90966714547514,18.82568504956233],[83.89457546831352,18.814177643421605],[83.84479490819959,18.873310339936555],[83.8453949718384,18.91710628137762],[83.82460976828746,18.91788810747831],[83.82244460877024,18.961574501794832],[83.79660811621153,19.006606825997743],[83.80168148264922,19.02768801553438],[83.81806148870108,19.029124086747135],[83.86290992343145,18.979303296288833],[83.89790521702776,18.983521873197677],[83.9134421930398,19.017382189481403],[83.95868171402766,18.986025920666243],[83.98791295977466,19.020377858335547],[83.96528068074349,19.04443888608602],[83.97156920978479,19.065483592183153],[83.9902902882469,19.069069887599262],[84.01891414435808,19.050760965195366],[84.03044133320643,19.057645954451885],[84.0135426426353,19.093428432992184],[84.01493663178384,19.127675822100354],[84.03227144804012,19.13094816144339],[83.98458507980949,19.16141057371099],[83.99832681345046,19.187966170225543],[83.98298217028834,19.20889841081617],[84.01100928150397,19.25142694066213],[84.03002204207323,19.3453542569646],[84.01732332273782,19.374075612709078],[83.94703749348312,19.397544265749197],[83.94418376827304,19.419793961521556],[83.97864822399977,19.485487501625776],[83.96081355512553,19.49986308385298],[83.97720038777805,19.530265779524623],[83.94400385212359,19.549895807428932],[83.92721631405621,19.63028560364066],[84.01123908664846,19.617578423802968],[84.0288603904765,19.632416404842612],[84.06117789480967,19.630153803803257],[84.09063977537951,19.6165658748846],[84.09273606793236,19.62893911109998],[84.12763094918498,19.632900880114377],[84.15781257295359,19.58141723553485],[84.20052186250612,19.59102700144375],[84.24107138322957,19.575247506103125]]]}},{"type":"Feature","properties":{"district":"Ganjam"},"geometry":{"type":"Polygon","coordinates":[[[84.94043373186739,19.89703320683002],[84.93626602609572,19.872458462985872],[84.97240190946486,19.852807473248905],[84.98433340950925,19.82426629834235],[85.00968211344625,19.80260678265167],[85.04418050352443,19.806298637163454],[85.07730490920733,19.791464611195057],[85.087831991132,19.766678797445923],[85.1286003608066,19.7489513718061],[85.18435635555049,19.67715035030913],[85.17731936755582,19.557624505519698],[85.13709896226273,19.52087902604061],[85.17797496437862,19.463770284048575],[85.09966766227038,19.403401673740852],[85.09007386643741,19.377484949426215],[84.89002443417928,19.243636732683452],[84.80875159630322,19.15328310476604],[84.76858190526677,19.08002272819376],[84.70463539473187,19.117670746374955],[84.71229117015997,19.15778925583014],[84.67210415074639,19.165471647298755],[84.66827942147556,19.130661920706817],[84.59899847674023,19.132589293630915],[84.62697332945282,19.085383532306754],[84.66128774553088,19.089904395450105],[84.67171373623142,19.07521838946061],[84.66165285158826,19.061258417632615],[84.61987816695999,19.063738334340655],[84.59487689628048,19.02196055381768],[84.58085515411818,19.044030506885903],[84.58529913166572,19.070994581653196],[84.57332142258684,19.073893182098384],[84.56081391605625,19.056286733805383],[84.49665611259702,19.02982730221637],[84.47893513414367,18.990167783677546],[84.42244394751998,19.022686541243864],[84.42948894131177,18.983839414925587],[84.4017980037066,19.004962405593858],[84.38247943481342,18.99001405013654],[84.35089266747718,19.022263978745368],[84.38251971440964,19.08865741439204],[84.38835670047476,19.125365413822628],[84.37763882473192,19.140333517957803],[84.39079586508885,19.140679261558738],[84.36084381579647,19.185565852333752],[84.39826315281992,19.200261552448396],[84.41088139183921,19.22515085162506],[84.42838843392836,19.298221729478204],[84.41619255160283,19.333316796593458],[84.44078230309977,19.362537893633124],[84.38261417644756,19.380898761916747],[84.40728543189584,19.44486117153264],[84.37483039369349,19.483315605464934],[84.37222990076954,19.54597903533446],[84.36461948963733,19.538574511224667],[84.32475436646784,19.555915926643376],[84.30496471802883,19.495466161683865],[84.25327724075159,19.500539273976052],[84.25137279307224,19.57163586373831],[84.22722001748724,19.625754917099115],[84.2470521719569,19.641876812636244],[84.24086614385874,19.660466649564597],[84.18974304864174,19.70290962335102],[84.20342173109657,19.73040398221938],[84.18473948124031,19.735862448492945],[84.15844241956056,19.722903212371268],[84.13285061624683,19.77984504559469],[84.17437364920768,19.792257139169063],[84.17410875823388,19.81962817042684],[84.20211457348645,19.834666714211878],[84.18525668341584,19.859702527461618],[84.27811644340322,19.878209398207762],[84.30789227060853,19.905591359337894],[84.34445381609295,19.860865306734034],[84.4458429748937,19.83039305754983],[84.46282151601731,19.858963886792033],[84.46557923633081,19.95242468859431],[84.39318216678659,19.955094576958967],[84.35945333125694,19.987703464187675],[84.33652656928443,19.977420828416733],[84.32457440125674,19.987809533105704],[84.35623053855048,20.036373854221093],[84.41551533626486,20.053782529925314],[84.40103093499442,20.076658972526392],[84.42792754256654,20.145010791832437],[84.44076403344476,20.150565923347518],[84.43556282258804,20.202396416838898],[84.45368303262153,20.198982352854017],[84.45329641715682,20.16969514325055],[84.48612768689514,20.142820936287542],[84.50615952826091,20.140481055455577],[84.51791184082852,20.15502977105251],[84.56442818741797,20.140778510099654],[84.55904743494872,20.16109697473582],[84.58715671621097,20.173889094697916],[84.58473805932746,20.19090348469976],[84.60051021549333,20.177628338876747],[84.63379529326176,20.193761470515614],[84.67363484315143,20.273453649471982],[84.69674453537603,20.281441982631492],[84.74391544817719,20.245033666088155],[84.76955127822515,20.247502815601823],[84.83485754952278,20.21691732388277],[84.82217061496387,20.12279343739912],[84.80381416572025,20.114441218046224],[84.79928638817053,20.094474334992537],[84.85690316747153,20.030267397320493],[84.86304962148105,20.000326845559258],[84.90214531001435,19.992996596806965],[84.92411441686627,19.94133535725977],[84.90679525895732,19.911155541499845],[84.94043373186739,19.89703320683002]]]}},{"type":"Feature","properties":{"district":"Jagatsinghapur"},"geometry":{"type":"Polygon","coordinates":[[[86.25503666549946,20.36654092462093],[86.27757134418282,20.372497976666498],[86.27810435459524,20.361062928451535],[86.32256163069601,20.355965671702357],[86.34442121819576,20.37022481992683],[86.35338404013797,20.35355272610678],[86.39091617806403,20.356736918174793],[86.39850862476433,20.36846904489513],[86.45712734891033,20.33345497709843],[86.5293443038399,20.34347557913846],[86.5515743460497,20.327222572863676],[86.6125183218069,20.343956534292445],[86.65947160992089,20.334413530209503],[86.69903801700536,20.300427093387416],[86.74421576549668,20.315880984271086],[86.77784068425862,20.34380861687947],[86.78567301035824,20.328778034831814],[86.54266713078638,20.183672388864174],[86.4798189806454,20.09167016999076],[86.44295737827146,20.052494120548463],[86.42900869811284,20.05280678481097],[86.40364919198811,20.001971046816347],[86.38342524891618,20.00203171634808],[86.37854690725088,19.98229629134236],[86.35664668876402,19.974193295217542],[86.31700243761057,20.028175260544717],[86.27344837646014,20.04422596369903],[86.2788861638422,20.05711955742547],[86.25706790561702,20.054396073868553],[86.24813722660002,20.03870643357481],[86.20982831488614,20.03969154759302],[86.17085752600475,20.073643626332455],[86.15748327429576,20.093978433102926],[86.16717687099747,20.111887614396892],[86.16054256269834,20.134796780584995],[86.14683758051004,20.146035963596123],[86.15152254521946,20.222032859237423],[86.0793851819906,20.245602457188497],[86.06955361198348,20.271584811431183],[86.03285945232132,20.296814685162847],[86.03589620909611,20.340036253916498],[86.01512261282058,20.381183592156862],[86.02774800156396,20.40128984366006],[86.0873000763095,20.367307034327663],[86.13718300180965,20.35698209765321],[86.17552267297172,20.37767359611333],[86.20208022209057,20.36322783741383],[86.25503666549946,20.36654092462093]]]}},{"type":"Feature","properties":{"district":"Jajapur"},"geometry":{"type":"Polygon","coordinates":[[[86.29001518267863,21.018456684562025],[86.2824158339713,20.906434841994926],[86.33520955835402,20.879128975712153],[86.32971693635437,20.865491465027702],[86.35512333024197,20.853096871476247],[86.40176002566645,20.863855086715454],[86.45261633682686,20.844736793306964],[86.49841663539141,20.868457460849825],[86.57024042845485,20.86578727489709],[86.5969191762866,20.857118827525106],[86.62572057825089,20.790531080450876],[86.60976969834908,20.7730958739988],[86.56688489539773,20.775075251106347],[86.54459409871063,20.753952405365027],[86.54292975709667,20.73413655799892],[86.56277312619858,20.739528952595634],[86.54728210137404,20.695458880183118],[86.53114707044763,20.689718867317406],[86.51950558700304,20.699710081509988],[86.4906410801042,20.679788469442073],[86.4707768138996,20.68773829148363],[86.45544241649438,20.676247461217017],[86.4567227686623,20.650321119155905],[86.43017048501505,20.643363019757818],[86.42650235777437,20.62621247548689],[86.40626024415118,20.62625223822435],[86.37539946204018,20.594612955410238],[86.3337064526013,20.61010150450582],[86.32640265532437,20.63121638970403],[86.32309683349125,20.58652314284495],[86.27387778212749,20.583533243268878],[86.25495992533118,20.607339928094685],[86.21437403936966,20.617593156294223],[86.21031072321053,20.633135622580383],[86.18933703496114,20.62378657250072],[86.16980883748779,20.63702109238812],[86.1964319857533,20.64586294499069],[86.18158718729786,20.658905104225944],[86.17613553241566,20.644769041815195],[86.14946872471734,20.643382084563918],[86.11990841709314,20.617437954289464],[86.09303945780586,20.617890567897902],[86.08285261382582,20.59832973639198],[86.04873307845057,20.58977216617141],[85.98161884212745,20.66445606303001],[85.90715605952981,20.707370652654934],[85.9856505867418,20.735204360983523],[86.0260469161951,20.72611969961243],[86.03386458864988,20.80880748951651],[85.90152402438949,20.8466075834266],[85.92217853239853,20.898117623970162],[85.92013392145297,20.927316224831184],[85.8279431128001,20.92610926340726],[85.80398636180996,20.96641783193191],[85.77962823431223,20.981611654659503],[85.74279866046419,20.991865729199898],[85.724476960497,20.983220962613846],[85.73058784070531,21.063044387812727],[85.70606866898252,21.07396941607936],[85.68507663633072,21.117824719624515],[85.70069818962958,21.139041682416163],[85.75801350590129,21.148884745186457],[85.77582790917943,21.103816193173714],[85.88767970522817,21.08608955074635],[85.9188806804021,21.094047475437737],[85.93500677640816,21.136076676770127],[85.94309710161686,21.12793826654161],[85.97891521691719,21.144021878816083],[86.02384713486357,21.13725476747403],[86.03882918402934,21.156523906057316],[86.08718372650853,21.16795446275872],[86.07355778900487,21.127870245036604],[86.0287047062671,21.073018815360427],[86.04832575006589,21.023985491392924],[86.08967304818577,21.018161608037484],[86.09584683635185,21.050702561654855],[86.13494695246378,21.074094485883435],[86.26200591094921,21.03912668503434],[86.29001518267863,21.018456684562025]]]}},{"type":"Feature","properties":{"district":"Jharsuguda"},"geometry":{"type":"Polygon","coordinates":[[[83.7998582734909,21.566193543473087],[83.72721267267535,21.630738623582914],[83.69493133539333,21.701599487875985],[83.65642650053847,21.72003221076944],[83.55988875605432,21.743058748656182],[83.50980796371492,21.656119104895904],[83.49021314739146,21.642588610352824],[83.44792096249284,21.65808746387144],[83.42827955181669,21.68939398526956],[83.4634866233355,21.697183657931266],[83.48517471490389,21.730818604846373],[83.49126984682388,21.74437999968628],[83.47431896429147,21.785471992322414],[83.49806548908941,21.8172435152139],[83.5436869223924,21.796707196133614],[83.53837644136132,21.834605857862055],[83.59289148292436,21.825580777240944],[83.6296232030592,21.84831039209728],[83.64319072059787,21.816626233217463],[83.72189186325315,21.78639341343026],[83.78254907219164,21.8562855767973],[83.80063962681588,21.868876789717817],[83.81437566210603,21.855215104531595],[83.81655752206797,21.883146241982782],[83.82993050842856,21.8780237366744],[83.83490668219233,21.89590443270713],[83.8650216244049,21.910634306634048],[83.8543804733627,21.92265886141461],[83.88069093917484,21.923925547672297],[83.89675531516369,21.946271204043537],[83.96126000085036,21.94132356868348],[83.98100195138103,21.906275761802373],[84.02926494676288,21.95279660855968],[84.07869875395465,21.93715615390411],[84.08944562661684,21.967039353046697],[84.07289263152914,21.989646496850956],[84.11011236422985,21.99328438671988],[84.12130597360968,22.011062200092894],[84.23320311881675,21.974942080439007],[84.29954090364333,22.033670912574866],[84.35762494505975,22.036519653034176],[84.38921839693599,22.024092526453256],[84.39329120911682,21.992291614392553],[84.37561843755039,21.97466112441949],[84.37721606709967,21.95444534679088],[84.2865228054095,21.7619978184882],[84.24740774091181,21.76881401975191],[84.19015562876801,21.754208782386605],[84.11524037462284,21.788961609692524],[84.03869628092129,21.75907812121764],[84.01497619260208,21.786139059017536],[83.99086241281275,21.751788199191157],[83.96989203249066,21.765693413158417],[83.94420350681789,21.72760212331428],[83.97319857748153,21.708701311985212],[83.97367120960853,21.57748298340725],[83.8942160829873,21.57366600768318],[83.82344552700526,21.594169251407024],[83.7998582734909,21.566193543473087]]]}},{"type":"Feature","properties":{"district":"Kalahandi"},"geometry":{"type":"Polygon","coordinates":[[[83.65261105493033,20.38938958037342],[83.70572419185675,20.37031123378598],[83.72046011877762,20.23894149398414],[83.74139097401329,20.22438421435277],[83.73231398172418,20.21306991760884],[83.78621541304143,20.21255584041543],[83.79078334357054,20.180726136186898],[83.77393264682735,20.16151039822485],[83.73413759821416,20.149301918907057],[83.71099753211357,20.102434837707957],[83.67814693978809,20.11258890415568],[83.63565568502744,20.089886499862416],[83.5841276869807,20.114666617094578],[83.58933506935895,20.100196857976123],[83.56804369713363,20.0567103238743],[83.54437220069978,20.02195449503824],[83.5062937324962,19.996764585482264],[83.49616965194633,19.959576927019043],[83.45229165458936,19.972519568697436],[83.44294090981072,19.93319035059924],[83.40860509030217,19.923352741687488],[83.43908857777421,19.806575858869454],[83.45937048488508,19.796746175729933],[83.45579706214838,19.74000244932193],[83.43091153882361,19.698111454016196],[83.38624852673773,19.667027875142733],[83.3733697207726,19.598175371551896],[83.3552514806177,19.605351283501754],[83.30305503203667,19.59147701795885],[83.26756376601747,19.600906385865848],[83.24814441299931,19.50822083365467],[83.22853768664028,19.503284561846808],[83.20531498512935,19.46348869226155],[83.21818159024262,19.43542235555868],[83.18808050913839,19.463848146591683],[83.18299971232064,19.424207164443217],[83.15517791831661,19.457062752136355],[83.159239835135,19.48547014200895],[83.14744080943181,19.499936839969074],[83.10950947203,19.50904397742412],[83.10502112772211,19.54252610418314],[83.08913928653763,19.539997133205812],[83.07046919174432,19.5622368904046],[83.03899016515443,19.55254666985004],[83.02699499155663,19.512365153120466],[82.99377042271693,19.490050124626435],[82.99176692377668,19.44731321098108],[82.9605218568877,19.437073174360084],[82.93940663692817,19.44973683579005],[82.92457439064997,19.435199264412546],[82.95299571587489,19.39057207182615],[82.9575216601165,19.324929039782386],[82.90492063303523,19.285126792481666],[82.89076923728082,19.254300158154745],[82.90226929205492,19.229363972607132],[82.88620299094049,19.189911419246105],[82.87886001350213,19.184022530723478],[82.87247685788208,19.199633070417597],[82.85038134545601,19.20596950981426],[82.83903164770086,19.234932219983428],[82.81024838797926,19.2303094345783],[82.84138795251273,19.30696209779387],[82.85207258685863,19.309152250925315],[82.84928891692779,19.32336536879372],[82.8000973410709,19.328837076995377],[82.78119058316837,19.343807126466288],[82.75728916927648,19.327987478219963],[82.7430291683404,19.349146956788825],[82.72754302551368,19.346247152812428],[82.70860915428108,19.38332403950436],[82.70944504665609,19.41859839597257],[82.69361433892517,19.41697556768595],[82.63406446841876,19.482347443846763],[82.6427751470534,19.510584127199508],[82.60833777727701,19.520253950274792],[82.6169878996832,19.538380901956707],[82.5690779493631,19.542963214372918],[82.55921025159047,19.57931370616741],[82.53119862813979,19.584222048043955],[82.54992285536582,19.609776646522665],[82.52808515872123,19.62997643793252],[82.5574468352457,19.644155863717774],[82.57840587630632,19.679990093675517],[82.56843700486026,19.683261674454528],[82.57428978280083,19.713054124103188],[82.5640673374813,19.726491522922487],[82.6032046938904,19.746413609791226],[82.59271396410568,19.77649497478991],[82.63061911410387,19.79476236952666],[82.65336870304195,19.830779687223764],[82.70607393246249,19.832321814728655],[82.71862849924139,19.854002814938088],[82.7251106561013,19.87621276833915],[82.70802119474307,19.91192438962397],[82.71850929956477,19.988443582606738],[82.70481562499046,19.99783772287081],[82.73865688173012,20.0242926314304],[82.74826035365942,20.04185883911763],[82.73922975285721,20.05213771151479],[82.75642480047394,20.055590117665766],[82.79037192882734,20.101570871324117],[82.81529210581787,20.101746110316302],[82.82502855291034,20.165502514563354],[82.9092216252783,20.14783888652043],[82.93239618793118,20.179272493443555],[83.01344798266933,20.170444132355488],[83.09100755048108,20.198652003437775],[83.12829540992313,20.19393478861251],[83.14557889933415,20.170231707036088],[83.1837031186841,20.172783861020083],[83.22642871262475,20.204964869923828],[83.23912420265077,20.256666802613285],[83.28537388527656,20.28090665150722],[83.30035991506729,20.30348681189632],[83.36038587663015,20.315016542731076],[83.37046637724623,20.342674372122268],[83.41225741111866,20.37250860078576],[83.42355203487429,20.40334238745525],[83.48778064111163,20.454020980019116],[83.49197599018028,20.40610491978344],[83.50832049661506,20.415432673741766],[83.55687289142024,20.400166070216628],[83.57719612390574,20.36508365613008],[83.62517058442701,20.350666481458575],[83.63011649367151,20.368562188818657],[83.65536936475245,20.367677354322275],[83.65261105493033,20.38938958037342]]]}},{"type":"Feature","properties":{"district":"Kandhamal"},"geometry":{"type":"Polygon","coordinates":[[[84.51285681081457,20.398093489235976],[84.51980226185844,20.372473497818458],[84.4875404089704,20.34232758767003],[84.51301344204367,20.340069698639816],[84.51646943402599,20.320801364899687],[84.54401907881555,20.326781969163516],[84.54747238895808,20.244470632988026],[84.58715668092987,20.17388908842533],[84.55904740067675,20.161096969345646],[84.56442815315101,20.140778504710855],[84.51791180753266,20.155029765623485],[84.50615949594194,20.140481049994605],[84.48612765554923,20.14282093079294],[84.45329638677886,20.169695137719835],[84.4583193734408,20.19167889187977],[84.43754507887574,20.205885466854717],[84.42923096763731,20.185472405133073],[84.44076400307169,20.150565917814387],[84.4279275131681,20.145010786267807],[84.40103090561213,20.076658966956927],[84.41551530688707,20.053782524358805],[84.35623051115311,20.036373849504834],[84.32457437484219,19.987809528355626],[84.33652654189997,19.9774208236971],[84.35945330289785,19.98770345950067],[84.3931821374315,19.95509457138867],[84.46557920503045,19.952424683096492],[84.46282148473902,19.85896388129424],[84.44597185923641,19.843433275688383],[84.45101748293575,19.835069877651787],[84.38317048163516,19.841648002284572],[84.32130653478382,19.876787465657245],[84.30789224421086,19.905591354585294],[84.27811641798294,19.878209393422157],[84.18525665994397,19.859702522605666],[84.20211455001836,19.83466670935876],[84.17410873573999,19.81962816554215],[84.17437362671839,19.792257134284558],[84.13285059475983,19.779845041595433],[84.15844239708353,19.722903207484784],[84.18473945779026,19.735862443637597],[84.20342170764685,19.730403977367004],[84.18974302519737,19.70290961849663],[84.24086611848126,19.66046664477385],[84.24705214658275,19.641876807846636],[84.22721999308597,19.62575491227864],[84.23883372460878,19.571757369784645],[84.20503942161403,19.590508634356866],[84.15781254953161,19.581417230676166],[84.12763092675264,19.63290087614197],[84.09273604647086,19.62893910709564],[84.09063975392009,19.616565870880034],[84.02886037095465,19.632416400776528],[84.01123906712938,19.617578419734638],[84.00411230982301,19.62671561636811],[83.97615153104144,19.620547635981872],[83.9431979677695,19.63504856809535],[83.92654118564381,19.662894832139045],[83.93810257372635,19.668662264187628],[83.93271958910562,19.67680806223461],[83.87400006691178,19.674077673345774],[83.84354472315057,19.709588378697582],[83.81404041283399,19.716961158759723],[83.76909705919252,19.712936498890553],[83.76380456848774,19.679478646089564],[83.74053340120079,19.654501198000876],[83.69468537789498,19.688247613030363],[83.65522067520567,19.65929040478776],[83.64106246465455,19.66647566116454],[83.64486655224285,19.703619627983773],[83.62828475986407,19.7425046122806],[83.6100078619556,19.754824750863516],[83.62234828834386,19.777892652257734],[83.61954427355364,19.81500508550476],[83.6024469385624,19.832908356634356],[83.58899886474718,19.82269408219505],[83.52904287505193,19.857647736158377],[83.52862262768191,19.877006059822268],[83.56256251517824,19.928646876286106],[83.49616964215757,19.95957692449089],[83.50629372270453,19.996764582954725],[83.5443721899335,20.021954492536228],[83.56804368636408,20.056710321373924],[83.58933505858542,20.10019685547718],[83.58412767620617,20.114666614595194],[83.63565567328136,20.08988649739054],[83.67814692803914,20.112588901687126],[83.7109975193667,20.102434834347367],[83.73413758546222,20.149301915548293],[83.77393263310023,20.16151039489406],[83.79078332984093,20.18072613285752],[83.78621539930873,20.212555837085596],[83.73231396896618,20.213069914249658],[83.74139096125397,20.224384210994362],[83.72046010601743,20.238941490623862],[83.70572417910995,20.370311231343045],[83.65261104315745,20.389389577902104],[83.66599265804572,20.423006050459264],[83.68022597945654,20.429073232433453],[83.6954782724401,20.416095229236113],[83.72224618900027,20.434655370498685],[83.77888586821803,20.411985499585956],[83.78767764286647,20.44312972075517],[83.81286780196704,20.43329059193325],[83.81187737014619,20.449781441145237],[83.82968353405037,20.451257994530636],[83.79631516566076,20.509694743533966],[83.81879277002406,20.523933196694344],[83.82376732842097,20.547448741643517],[83.84272500119722,20.544386961392757],[83.8583808091227,20.57222699203965],[83.91479072967974,20.580237182736358],[83.91712675649275,20.6163326569065],[83.9380432074195,20.603271234784867],[83.94319176723015,20.582527206860835],[83.97251641162944,20.586259428373953],[84.00699196203472,20.569607661679473],[84.07449592087713,20.598145092291663],[84.14567859813812,20.583952664780973],[84.17837609190391,20.604572369382694],[84.18888457451769,20.59075350509256],[84.22150438608193,20.587168308273974],[84.25608458979282,20.605142039077215],[84.28270765846523,20.642750706610812],[84.2783537645806,20.67443586580561],[84.31909367916036,20.69442954099095],[84.3607591484414,20.673805906516687],[84.38567077995899,20.60222727420263],[84.39319277469984,20.53134427259224],[84.43531031217971,20.50857174458258],[84.4291983328511,20.48345208484305],[84.45542806094272,20.467860307502107],[84.4654825735622,20.44170818372836],[84.46289905404937,20.396798907381953],[84.48743902326926,20.386680277564537],[84.51285681081457,20.398093489235976]]]}},{"type":"Feature","properties":{"district":"Kendrapara"},"geometry":{"type":"MultiPolygon","coordinates":[[[[86.66533328423981,20.7939687322213],[86.71085792675964,20.77681475251415],[86.7136054440475,20.762639424808985],[86.76063624098879,20.77041729611204],[86.76272403698998,20.737487892096418],[86.7846179614139,20.743424006327412],[86.81318575965517,20.729662600042584],[86.85719975206845,20.772655451368554],[86.90472773557083,20.761809681383422],[86.98706210878804,20.771883478153967],[86.99933034538218,20.76296209420587],[87.00657567150118,20.71308490263663],[86.90321121272983,20.709622126010636],[86.96894300904728,20.705965064251732],[86.96581986241927,20.688452853915614],[87.0561402048799,20.710737379831215],[86.82275425624616,20.556385351413905],[86.76968331876346,20.505300467529896],[86.75453678274285,20.517100372933907],[86.75150359557831,20.473546598707138],[86.72565396397111,20.479435202237465],[86.73857944486964,20.46029339352954],[86.73318673265834,20.410526392048233],[86.71204635340887,20.395377796355007],[86.72710519715406,20.37733211717799],[86.73865805542749,20.39625739268123],[86.74619855331703,20.377966506657124],[86.77651907060864,20.3894027941343],[86.78156217737241,20.347078052741377],[86.72427922554968,20.305642976553024],[86.69903801700536,20.300427093387416],[86.65947160992089,20.334413530209503],[86.6125183218069,20.343956534292445],[86.5515743460497,20.327222572863676],[86.5293443038399,20.34347557913846],[86.45712734891033,20.33345497709843],[86.39850862476433,20.36846904489513],[86.39091617806403,20.356736918174793],[86.35338404013797,20.35355272610678],[86.34442121819576,20.37022481992683],[86.32256163069601,20.355965671702357],[86.27810435459524,20.361062928451535],[86.27757134418282,20.372497976666498],[86.25503666549946,20.36654092462093],[86.25362924788739,20.37810454843698],[86.28108688494274,20.39729280145539],[86.27176829252697,20.398420779136245],[86.27899665772671,20.44597907362115],[86.26839048883085,20.450934659959785],[86.27787672488384,20.51727096730573],[86.25307578275739,20.538377768151516],[86.28386884559647,20.583942224453313],[86.32309683349125,20.58652314284495],[86.32331130040036,20.6299662293042],[86.3337064526013,20.61010150450582],[86.38517393144595,20.598614750678003],[86.40626024415118,20.62625223822435],[86.42650235777437,20.62621247548689],[86.43017048501505,20.643363019757818],[86.4567227686623,20.650321119155905],[86.45544241649438,20.676247461217017],[86.4707768138996,20.68773829148363],[86.4906410801042,20.679788469442073],[86.51950558700304,20.699710081509988],[86.53114707044763,20.689718867317406],[86.54728210137404,20.695458880183118],[86.56277312619858,20.739528952595634],[86.54292975709667,20.73413655799892],[86.54459409871063,20.753952405365027],[86.56688489539773,20.775075251106347],[86.60976969834908,20.7730958739988],[86.6296591312205,20.798490026186997],[86.66533328423981,20.7939687322213]]],[[[86.79509847122327,20.39625887064544],[86.8001565265929,20.49108531345152],[86.81160736429241,20.445402406818122],[86.79509847122327,20.39625887064544]]],[[[86.80740834112073,20.369460215708532],[86.80080081852763,20.390353966258168],[86.80813758964597,20.397957153818822],[86.80740834112073,20.369460215708532]]],[[[87.0760001168862,20.77486155597949],[87.06927660429106,20.784568465114987],[87.07629424214235,20.794289342009876],[87.0760001168862,20.77486155597949]]],[[[87.07583435045335,20.74702432978768],[87.0808518173562,20.73978556961049],[87.07532943584252,20.730519718485077],[87.07583435045335,20.74702432978768]]],[[[86.79067982361079,20.35865330872953],[86.78889889483352,20.36687174896811],[86.7961149604281,20.373585553835113],[86.79067982361079,20.35865330872953]]],[[[87.09503989009009,20.757454350679513],[87.08784843716285,20.76276820988062],[87.09424274825399,20.76496341974577],[87.09503989009009,20.757454350679513]]],[[[87.05814822089583,20.73335705713182],[87.05305789931819,20.739705125634124],[87.06084990468543,20.738676935213938],[87.05814822089583,20.73335705713182]]],[[[86.99276138049619,20.778745411477882],[86.98590830651219,20.783050750011988],[86.99160017374724,20.783459609270892],[86.99276138049619,20.778745411477882]]]]}},{"type":"Feature","properties":{"district":"Kendujhar"},"geometry":{"type":"Polygon","coordinates":[[[85.67790929816296,22.055379269000113],[85.66398973979364,22.032518830867836],[85.67181632660116,22.013073418423463],[85.7038441681119,22.00725604116579],[85.70545937977631,21.985647983758856],[85.73974601136328,21.993156247743126],[85.79473692477488,21.954009715280577],[85.7906356219143,21.90600851985485],[85.8055570418344,21.887198311474744],[85.81106170078036,21.81199304915989],[85.88317793834479,21.79401218625599],[85.90642630324125,21.767363314981875],[85.9409992927197,21.762190835355533],[85.97190230079342,21.739557361836205],[86.0181714161508,21.744849910559616],[86.02828282790465,21.691984696733833],[86.05137899102441,21.714053457894153],[86.0610631873769,21.68820522447857],[86.08219900573316,21.689511528897125],[86.0805952471762,21.628884762717036],[86.0482533012997,21.57346400513488],[86.01906368517136,21.55853863151939],[86.0102214698538,21.532231233209256],[86.12147258598648,21.47719823726302],[86.16184488232761,21.42458523551148],[86.09418015683798,21.31139224460758],[86.12071136065171,21.27190434000137],[86.13860587716398,21.26588748598608],[86.13873530314528,21.281028563922323],[86.15999326898496,21.292214987880367],[86.19038186208373,21.273244946942953],[86.21054646006131,21.28284362201886],[86.270053694452,21.379128255317017],[86.3585943363071,21.319654852647925],[86.35749472173957,21.2816386822714],[86.37532702024748,21.24917658271691],[86.35321078695684,21.234609704593204],[86.35069493485977,21.191813392521926],[86.3145053066524,21.170597472837077],[86.29307983374636,21.17566698269821],[86.27447806175496,21.146777955271876],[86.29030827889287,21.118204999319477],[86.310754594783,21.111323369514245],[86.30707765018657,21.08755360683366],[86.32526855017105,21.066163027132475],[86.3068859692946,21.016923885536254],[86.13494695246378,21.074094485883435],[86.09584683635185,21.050702561654855],[86.08967304818577,21.018161608037484],[86.04832575006589,21.023985491392924],[86.0287047062671,21.073018815360427],[86.07355778900487,21.127870245036604],[86.08718372650853,21.16795446275872],[86.03882918402934,21.156523906057316],[86.02384713486357,21.13725476747403],[85.97891521691719,21.144021878816083],[85.94309710161686,21.12793826654161],[85.93500677640816,21.136076676770127],[85.9188806804021,21.094047475437737],[85.88767970522817,21.08608955074635],[85.77582790917943,21.103816193173714],[85.76389080220147,21.146122288078203],[85.73677123102298,21.138608889395496],[85.70698360463723,21.171045879365156],[85.71050768393793,21.181478629969078],[85.68744976999282,21.185268311412994],[85.66517021616126,21.166144465865326],[85.63808764232995,21.16542357959922],[85.61113404999786,21.13710795842742],[85.54872050652831,21.166326673211703],[85.49785192882229,21.113340789021912],[85.46333288594768,21.12718099410967],[85.39499891574117,21.1847461170854],[85.36906742114377,21.24072713490301],[85.30035794039455,21.27585559523537],[85.28735983108558,21.26542733753344],[85.27411484966015,21.275075542700836],[85.27479077929551,21.301578132825608],[85.31592820663985,21.32887032980255],[85.3268022081709,21.319463305656964],[85.34381117428346,21.358820400101703],[85.30727350292382,21.394829413670802],[85.3053907605946,21.413905368748974],[85.27535421129883,21.427034835230685],[85.25935101485429,21.451066775095377],[85.30880505903278,21.449122523586986],[85.33340986184048,21.47954557301624],[85.32915891761482,21.509963325279617],[85.32442816919932,21.531481067671212],[85.3044602281834,21.5317255836653],[85.31384136986688,21.56467888015848],[85.2879609011264,21.587000777953907],[85.29242498659447,21.602148639666648],[85.26555228695764,21.628381454783906],[85.2512253652028,21.675955033147808],[85.21126546747905,21.67481413893617],[85.1975094113876,21.659972761196745],[85.18699459433373,21.70806715815607],[85.21555133731509,21.741075302633284],[85.2046488410018,21.76803398670244],[85.23092538374935,21.822134468212354],[85.2440759847922,21.803587379119364],[85.28566519677985,21.83593348398874],[85.31745912231577,21.818719383200875],[85.34373905054103,21.827310498141664],[85.37725342156688,21.909689562344134],[85.36902449909284,21.940001700057206],[85.31646971062388,21.95821737806477],[85.27967004912026,21.957033109203266],[85.23359246041056,22.000686913543447],[85.30632798277082,22.110669930681492],[85.329237276119,22.128583921951112],[85.36434492581992,22.123221690060763],[85.36941267258499,22.158137933420996],[85.40062175290798,22.16218325989743],[85.52093274805345,22.111940127758864],[85.5456007614549,22.090367417935518],[85.59712142541342,22.07827354694988],[85.65061216674866,22.094119515826595],[85.67790929816296,22.055379269000113]]]}},{"type":"Feature","properties":{"district":"Khordha"},"geometry":{"type":"Polygon","coordinates":[[[86.08268494057508,20.106345026386876],[86.0208886186745,20.10158264437948],[86.00781495129692,20.116186984780587],[85.99540395749983,20.106658043710848],[85.96045928124464,20.120203968267397],[85.927354363022,20.113979515647642],[85.9046984215696,20.128035144732728],[85.90011588252027,20.112575924385006],[85.88558709868694,20.110022122660467],[85.87551219162361,20.122287865005504],[85.90222297636413,20.14469419810105],[85.88940243077195,20.176391655097248],[85.85380794902068,20.19352649367039],[85.85633095457824,20.175577797640187],[85.84547622337294,20.174715477429782],[85.84055129374431,20.195702364120127],[85.8272209434999,20.158408677294883],[85.79678409088477,20.15085447128433],[85.78372894171474,20.16654214328536],[85.7656076547108,20.166599780589124],[85.76321964249347,20.151971480283358],[85.73327946715948,20.151285548790852],[85.7227013434238,20.12961157901594],[85.72021598973306,20.142035016145694],[85.69423186239557,20.151769657222257],[85.67790028626305,20.122952485651382],[85.69248674273483,20.095073079348847],[85.67762358384456,20.086808419138514],[85.68028202626455,20.07152811349094],[85.65354420021757,20.06555325151794],[85.65241721882389,20.0963218846624],[85.63348485131476,20.09998238518352],[85.64639155423171,20.082843048488783],[85.62054125329006,20.058706275752446],[85.61740159940723,20.041990634097022],[85.6312649393025,20.02454146807693],[85.61788929080798,19.9912876720459],[85.61765699830146,20.018064169403228],[85.59478541195682,19.994916689959197],[85.57293198348097,20.023791099673502],[85.56534715569322,19.949477224704825],[85.53167907377696,19.97731340178407],[85.50253645910198,19.945464666348425],[85.51979950749697,19.941882633450042],[85.51037854298372,19.925767931842174],[85.52881250048016,19.941088383349907],[85.56689785349026,19.916767538690472],[85.56478566536374,19.854581629943915],[85.55252721689531,19.85899406104803],[85.5612856953697,19.873198307239072],[85.53135119510804,19.88746538429035],[85.40682793025907,19.88569397306839],[85.38488211521054,19.84547293110597],[85.3442305535816,19.827902161862223],[85.32808766753324,19.800893452709772],[85.25501929788612,19.783537827449027],[85.24189286737727,19.741243781518744],[85.21972732635534,19.745609180478077],[85.19542800797818,19.717680654557274],[85.19118979753175,19.70109485667559],[85.20606786238282,19.68430095653439],[85.18445383174806,19.67549079743299],[85.1286003608066,19.7489513718061],[85.087831991132,19.766678797445923],[85.07730490920733,19.791464611195057],[85.04418050352443,19.806298637163454],[85.00968211344625,19.80260678265167],[84.97240190946486,19.852807473248905],[84.93626602609572,19.872458462985872],[84.94043373186739,19.89703320683002],[85.02891722798881,19.90326036663638],[85.09850630748149,19.930506001880246],[85.12798193687684,19.933264578403584],[85.16732296368502,19.904499102681566],[85.24543846123514,19.90544631087802],[85.33191187413287,19.925642939991814],[85.36366158548171,19.958164589742065],[85.42153355916857,19.926913684663678],[85.45726982643981,19.973067611416273],[85.44091596853364,19.99426908696427],[85.4169099147425,19.994959884244587],[85.4351507826259,20.02704086444414],[85.41513083758673,20.020595111283548],[85.38098486660628,20.071503099292343],[85.41451636260484,20.12750603489561],[85.3924374760244,20.135481518203246],[85.38468894702322,20.155815963539805],[85.35629966123778,20.145155229751477],[85.37037766168055,20.17776675384492],[85.35180054401378,20.188277982553814],[85.3125337233451,20.16640706926566],[85.31233380981836,20.15408721001365],[85.27111170633513,20.146350830785156],[85.24102197123148,20.114479627125508],[85.21769927225306,20.12817570151781],[85.20587442995163,20.154529710222253],[85.21465135731243,20.164709935753343],[85.20152162343277,20.190190070464922],[85.21627298832048,20.21350143102227],[85.22688230789892,20.223065682065176],[85.2445143092555,20.208003610314968],[85.25634988166395,20.22635433001621],[85.32417460924006,20.23084946342762],[85.34311729663986,20.251056551577797],[85.32743121419439,20.253733387972325],[85.33507746474251,20.280340283559617],[85.34981823240159,20.272209417168614],[85.38291832611414,20.285606709106286],[85.40832499988294,20.25610689621981],[85.42195492978868,20.272237598478565],[85.45468883897145,20.266545705857705],[85.46151818697217,20.294519215052176],[85.52302794070131,20.293348576764718],[85.55312714836089,20.313125394227274],[85.62674591935838,20.292023481111443],[85.64400990448532,20.322937268004086],[85.67898097756544,20.32427955867671],[85.71584167998897,20.399321864260358],[85.78736071359081,20.409511404435314],[85.78738519812546,20.432800600814602],[85.80752034921919,20.43364126201868],[85.83087467147672,20.40384806607065],[85.79920682882556,20.336444539210518],[85.80245518933468,20.320798995284267],[85.88462265393743,20.287036374012843],[85.89222605598434,20.312453835892082],[85.87040440421805,20.33574862580253],[85.90048631804706,20.367526237277133],[85.90189261066837,20.351080809900765],[85.92897209892725,20.32837742573714],[85.93176801943162,20.311573300506414],[85.92094842071681,20.323473515418897],[85.9144292546622,20.317069501191053],[85.93750279503374,20.286994045026],[85.93409590412685,20.27262489282924],[86.007824036521,20.224107156213304],[86.02784320757253,20.17079597786997],[86.04294659753795,20.18008993765709],[86.05487081692117,20.165116539107714],[86.03983847195938,20.135167034732284],[86.08268494057508,20.106345026386876]]]}},{"type":"Feature","properties":{"district":"Koraput"},"geometry":{"type":"Polygon","coordinates":[[[82.22658088439312,19.21901174827798],[82.24198344521847,19.22658593278919],[82.29455876065566,19.19143505525392],[82.32259496760264,19.197243303325934],[82.32779264071127,19.218192411828795],[82.37384996794333,19.198452111083498],[82.39695102558028,19.209100925623147],[82.4090674432029,19.18401701829447],[82.43618136328024,19.170809052368725],[82.48980318070386,19.18020378692171],[82.51699662534025,19.202520174669928],[82.57225964698864,19.20074538333614],[82.57362585025828,19.21146685815893],[82.58192290381788,19.195526313872563],[82.58967608712976,19.201544293528684],[82.61627791508425,19.182617962168592],[82.61811570252115,19.15797353249951],[82.63744791210758,19.148355678979726],[82.63933242830325,19.175321566409934],[82.67956638534463,19.195906327233786],[82.72386720705805,19.173425261822615],[82.72368552022789,19.15974507992155],[82.74176066529338,19.15987104686559],[82.75644976476241,19.183292745206415],[82.7740757082023,19.166249518566644],[82.78963116495328,19.17064128784341],[82.80175314311884,19.149474007328536],[82.81823505955231,19.17037591599626],[82.82984224794922,19.147930262893],[82.82868771388553,19.18018723387155],[82.8635083262173,19.206095473852656],[82.90468042934253,19.158697107727335],[82.9505008513176,19.154761623675654],[82.97952798800884,19.17365101014559],[82.98403799798535,19.133151470545215],[83.03087078833568,19.080499212644725],[83.02306580913444,19.06422141793081],[83.06375081289451,19.04419387721697],[83.07618268085895,19.08094298848323],[83.10433151322707,19.1118545761056],[83.13086201855691,19.093664367870304],[83.13756946867477,19.13668528615301],[83.1610239401848,19.123237847831888],[83.18404120599797,19.14441899931228],[83.16899842085138,19.121322609148706],[83.1812471512365,19.11224394593495],[83.20057581530722,19.132674841502876],[83.18968285338082,19.145950857297464],[83.20465022813357,19.14948537842554],[83.20216959297744,19.16698889736432],[83.25990188879763,19.164169333013433],[83.24410384884766,19.126493732151573],[83.20767009758708,19.13031734767958],[83.17718192485808,19.09157652948403],[83.1891915957807,19.09287972340212],[83.19494400205645,19.074848466655055],[83.1902317717632,19.014894706390066],[83.20402144037377,18.97786838999633],[83.24153813510327,18.972644540681472],[83.23880518597775,19.023298478670256],[83.26696622628594,19.049677406566502],[83.26263198364205,19.06997567904432],[83.28100259881779,19.122007967045363],[83.31943823418914,19.113345821490213],[83.34107235843243,19.101379964943703],[83.34658346962351,19.051297987867827],[83.36432224968559,19.046212833741606],[83.33904694874627,18.997882217609344],[83.31217647453593,18.99478051855351],[83.34030804069289,18.951272956765024],[83.32777632865748,18.933751875869348],[83.34693171065669,18.924170662744075],[83.35286304986704,18.964192740515784],[83.36891815229626,18.9613193535954],[83.38808855985098,18.931288959368374],[83.37886220458114,18.925088807899556],[83.35688133081806,18.94178523775156],[83.35803538753487,18.923912315877317],[83.36839969321721,18.909204687297972],[83.39176254730478,18.907746133192745],[83.38176314360578,18.893980466374728],[83.41860493452441,18.8649484177497],[83.40573914986186,18.860755719436156],[83.40419603843588,18.838909259211846],[83.38073301176587,18.829410849903695],[83.36678643095405,18.84016693111147],[83.33095740455707,18.806472043891688],[83.28744665639886,18.79776990358448],[83.27407317587108,18.765224600849933],[83.22737610673954,18.7739615945884],[83.23033706109095,18.753241473793594],[83.21307011701799,18.724091662700005],[83.19202167845413,18.73366887581875],[83.17185193362019,18.7218471480233],[83.1731924017277,18.70092146993096],[83.15494376783164,18.700892109158076],[83.1470357328439,18.66904779270095],[83.09213590746464,18.66399548447299],[83.08386873983898,18.611784307027506],[83.05776440171832,18.622148436126622],[83.04920756823338,18.605015348518236],[83.06206936412002,18.594794931184254],[83.0349871574536,18.576289584161884],[83.04061564714056,18.556268278339246],[83.09664175406289,18.541230146745363],[83.02361844666075,18.45299313308027],[83.04551462843654,18.443446449271278],[83.04565544328733,18.427594766233085],[83.06802801973055,18.437275975473938],[83.06404910094761,18.413062856320153],[83.0747156837366,18.400997326105937],[83.0644369652357,18.386012420637314],[83.04521340573308,18.378582973773007],[83.02542125882286,18.39319553777341],[82.98470636063519,18.36361902698485],[82.91103554155109,18.364522175378625],[82.89317691166013,18.387166955516193],[82.89286703200008,18.42123284225346],[82.8531740676932,18.41820290292361],[82.82660053858018,18.446869424989643],[82.80742037280476,18.447719364881266],[82.78447859191425,18.42802138134715],[82.8015694084109,18.403375974991263],[82.77537660203353,18.33958102277728],[82.6671852635672,18.29506440211054],[82.653687780459,18.248980218026986],[82.63527810120593,18.237277954525666],[82.58911679548123,18.27849509896589],[82.59929752342526,18.300307474203294],[82.58479406981098,18.31512054458142],[82.61048995748536,18.32558061562986],[82.60484241803448,18.349136624119637],[82.6196103402956,18.354734181505762],[82.60689295082125,18.36225404638907],[82.60733458788559,18.37983297191107],[82.54060676229119,18.401535516015144],[82.56204604835426,18.445666015440565],[82.53843567933296,18.44230342933963],[82.52440140722831,18.463818546272478],[82.53577193156462,18.476141927213064],[82.5313758455764,18.511777965700617],[82.50739653665994,18.509579117327576],[82.4897007795642,18.522837968827105],[82.48983537614288,18.546195457465274],[82.43736383804992,18.492786552549717],[82.40693646365366,18.517549042338544],[82.41037790650881,18.553917688577656],[82.44068280974363,18.564522342200235],[82.44728285138842,18.599372466777538],[82.4239169736839,18.605813797782616],[82.41034564467276,18.595024664626294],[82.36551679146436,18.623277110898186],[82.31497646125257,18.578198459772693],[82.26500828201011,18.587873202487913],[82.25561919765602,18.61325009996574],[82.23290448460739,18.624789779251614],[82.22526056089157,18.66885977539181],[82.19199729666104,18.63072432644327],[82.17605651343234,18.633070389299235],[82.16123152989877,18.66889212380056],[82.14837076307253,18.659444255599],[82.13544192964127,18.675874113438397],[82.1474462791902,18.691943059907487],[82.12727500273888,18.707376663717923],[82.13021574594819,18.722751961939878],[82.09291504252087,18.739285919910458],[82.09279617442894,18.765193204504158],[82.13717032587078,18.764499020398375],[82.1692300909329,18.79776866527584],[82.16624006467094,18.876123934950044],[82.18076785614812,18.901925327832714],[82.24758022172841,18.91714680841551],[82.23303247596925,19.021054956465434],[82.2020482527551,19.066570209086876],[82.2200488505053,19.09685245275972],[82.20646924315753,19.10045266510963],[82.20766392141945,19.1237052952348],[82.18415091418075,19.131257318160237],[82.17774023704743,19.119072329943435],[82.16770026110368,19.132653515377967],[82.1827012362944,19.1513842206208],[82.17204506617031,19.160762662886782],[82.1866922261541,19.164996505522367],[82.18127366893214,19.190391958623877],[82.1635930567216,19.202559533666886],[82.16902187747843,19.214445291094194],[82.21667286612205,19.23954822787522],[82.22658088439312,19.21901174827798]]]}},{"type":"Feature","properties":{"district":"Malkangiri"},"geometry":{"type":"Polygon","coordinates":[[[82.43736383804988,18.49278655254977],[82.3695950428836,18.417738798701453],[82.39275863549408,18.377056507627188],[82.3428010086582,18.325108091266834],[82.35712605043871,18.314178578023],[82.39272824364963,18.326744175760243],[82.40138430603183,18.314514924060774],[82.380280925771,18.282217576239695],[82.34528196256365,18.27432466016925],[82.32973094127617,18.2306128984877],[82.34124747595213,18.22397443729029],[82.31453406219835,18.203845633723652],[82.31874450387348,18.182839830150648],[82.35718578130486,18.170144314735275],[82.37363208061903,18.148045471421344],[82.3660535575888,18.1335057168692],[82.34184918047528,18.15071563560492],[82.34066198626944,18.102551386255577],[82.35212737820301,18.08348397810698],[82.34486748772767,18.055790420907282],[82.3258339872845,18.057025032157785],[82.3217489430214,18.0432850204702],[82.30502236800733,18.054622447850587],[82.30641866434348,18.070403906246113],[82.27547422801563,18.05670690756796],[82.26670409281591,18.04331969896935],[82.27907836448703,18.006284964127484],[82.26964619511074,17.99095909396166],[82.25028333134364,17.988297723283235],[82.24553395488827,18.00051406116791],[82.18596729920115,18.018960737674547],[82.16886641341833,18.05190704169181],[82.1409060075518,18.043897926774463],[82.13560967264263,18.059238995927068],[82.08071630322563,18.07378099199761],[82.06824194689426,18.053281051928252],[82.0331627788944,18.065971631545438],[82.01010202704944,18.05289416219271],[82.0101945738876,18.031791878503665],[81.96031194715918,18.00021954369727],[81.80958819910752,17.944102024571073],[81.79099565337988,17.917790763869597],[81.71175272025573,17.869170251689795],[81.69684591977052,17.892765430965206],[81.67162226037507,17.88487461403544],[81.65136206500878,17.847275177918906],[81.6197279281604,17.82335413108876],[81.57731624744821,17.835791972706296],[81.48974067275397,17.810682649358096],[81.46798621891634,17.83246771812378],[81.393506106409,17.814285493492893],[81.40655977756143,17.854408108621733],[81.40230431597334,17.892686808185044],[81.44575192616216,17.883582936150287],[81.45370318083322,17.93371667448277],[81.48575584973227,17.977513112376226],[81.48229328509488,18.035896860232416],[81.51702066948504,18.09972407336233],[81.53094601320215,18.164466797043826],[81.51308608421095,18.190943418115705],[81.53623697330212,18.26610496467022],[81.57588159262444,18.28026313002444],[81.60166051683842,18.30830493125009],[81.66693643730964,18.31819729325387],[81.65742677103104,18.338048075751573],[81.66635813752926,18.34633029419875],[81.75319790358711,18.352500844180707],[81.77033613182769,18.418352527042856],[81.85253356989838,18.48856297078237],[81.86614576387093,18.52003051076408],[81.90502359863325,18.53538980062449],[81.91678320622098,18.571184369209778],[81.9551033503375,18.56613599929502],[81.96270682244734,18.59367080621379],[81.8965262486214,18.627796422173983],[81.89350276487883,18.657072112305872],[81.955591306925,18.635688643452607],[81.96528788261024,18.69018432650306],[82.04184934692412,18.72560229467142],[82.08670557035353,18.718958153942378],[82.09291504252083,18.73928591991044],[82.13021574594816,18.722751961939824],[82.12727500273883,18.707376663717817],[82.14744627919016,18.691943059907366],[82.13544192964135,18.675874113438322],[82.14837076307239,18.659444255599002],[82.1612315298987,18.668892123800642],[82.17605651343233,18.633070389299185],[82.19199729666104,18.630724326443254],[82.2252605608916,18.668859775391816],[82.23290448460736,18.624789779251536],[82.25561919765607,18.61325009996561],[82.26500828201004,18.587873202487863],[82.31497646125266,18.578198459772715],[82.36551679146437,18.623277110898172],[82.41034564467267,18.595024664626372],[82.42391697368383,18.605813797782606],[82.44728285138844,18.599372466777428],[82.44422885513505,18.56905144058595],[82.43141247684696,18.557334848499075],[82.41691530195698,18.564362523340364],[82.40470990433276,18.52749412167744],[82.43736383804988,18.49278655254977]]]}},{"type":"Feature","properties":{"district":"Mayurbhanj"},"geometry":{"type":"Polygon","coordinates":[[[86.06758582270811,22.551790917340668],[86.11302512446024,22.488319521611793],[86.22379307222405,22.471695493454025],[86.2259788203008,22.45260406869528],[86.28534751337479,22.449067197996854],[86.35819163760634,22.349146288198963],[86.43873370997366,22.30536448103152],[86.4437680762033,22.327165889133184],[86.50528572623872,22.344739297992533],[86.53766566922783,22.302053264634107],[86.58370715853822,22.3016975256733],[86.59616668894962,22.278751182239013],[86.61372588274982,22.282675925815415],[86.65074304013915,22.26532911962056],[86.65630562299276,22.23720123038838],[86.67030044396951,22.242554827830027],[86.68730576025061,22.22354071036327],[86.72606055873499,22.22087945324832],[86.72052881576741,22.147647019347975],[86.79534192918301,22.158106349241756],[86.80210480091567,22.130340493920187],[86.83696673286373,22.0993746599536],[86.97189613994068,22.08206224743469],[87.02947531938663,22.03709120515897],[87.03906420509833,21.99365372593502],[87.01032942288958,21.945192504368013],[87.00960954534015,21.900145364825473],[87.03496717427375,21.86998379100154],[87.12050757394039,21.852635452132088],[87.17855204283426,21.812125083510246],[87.18437754439354,21.789946723649244],[87.17445414076454,21.810285592878362],[87.1598093518877,21.76811390197158],[87.1460046894866,21.763382133155194],[87.1242974806987,21.771294328276507],[87.11937449691655,21.785978034193917],[87.10596922832482,21.783071552615354],[87.12278453553797,21.754749097987343],[87.10191521576989,21.750861007904838],[87.09550471024717,21.731975353545927],[87.08773485491551,21.737432803878196],[87.09424614141001,21.726472811192583],[87.07213755692864,21.706311250676364],[87.04876516301783,21.710560666885648],[87.04825580127506,21.739155568227137],[87.0273645517459,21.740665827249614],[87.0388125640886,21.6956958919948],[87.05429170603473,21.683224254447754],[87.0314059930185,21.66025593036437],[87.01552025823321,21.674057203402246],[86.98962835423252,21.66689579282652],[86.99378476482269,21.648641041476907],[87.01245022287718,21.64780990594276],[87.00612602128518,21.625301436013693],[86.98839754137019,21.625620782032826],[87.0076010988518,21.598304272561254],[86.96440697867898,21.58153832226709],[86.96057631270217,21.595367094437986],[86.95903002817177,21.57235811697827],[86.9249287357685,21.591940788703035],[86.91255051094855,21.57931448519644],[86.87866850170073,21.635027477649796],[86.88890977711553,21.610843004743042],[86.86763491352639,21.592155875473427],[86.81284133648677,21.606587309240844],[86.79256419850479,21.59764887742068],[86.7545049860685,21.60529283255533],[86.70634968274017,21.584371507255817],[86.68811002049273,21.59389237289077],[86.65261122444787,21.578767636042965],[86.6374705121617,21.52904046662889],[86.58538464073199,21.52080048593537],[86.52982903306604,21.421651578425028],[86.42787544584391,21.331698962642598],[86.36178967818473,21.300192206306452],[86.3585943363071,21.319654852647925],[86.270053694452,21.379128255317017],[86.21054646006131,21.28284362201886],[86.19038186208373,21.273244946942953],[86.15999326898496,21.292214987880367],[86.13873530314528,21.281028563922323],[86.13860587716398,21.26588748598608],[86.12071136065171,21.27190434000137],[86.09418015683798,21.31139224460758],[86.16184488232761,21.42458523551148],[86.12147258598648,21.47719823726302],[86.0102214698538,21.532231233209256],[86.01906368517136,21.55853863151939],[86.0482533012997,21.57346400513488],[86.0805952471762,21.628884762717036],[86.08219900573316,21.689511528897125],[86.0610631873769,21.68820522447857],[86.05137899102441,21.714053457894153],[86.02828282790465,21.691984696733833],[86.0181714161508,21.744849910559616],[85.97190230079342,21.739557361836205],[85.9409992927197,21.762190835355533],[85.90642630324125,21.767363314981875],[85.88317793834479,21.79401218625599],[85.81106170078036,21.81199304915989],[85.8055570418344,21.887198311474744],[85.7906356219143,21.90600851985485],[85.79473692477488,21.954009715280577],[85.73974601136328,21.993156247743126],[85.70545937977631,21.985647983758856],[85.7038441681119,22.00725604116579],[85.67181632660116,22.013073418423463],[85.66398973979364,22.032518830867836],[85.67790929816296,22.055379269000113],[85.72828296722766,22.062055237571368],[85.80794081310697,22.11470615494783],[85.83658893441991,22.08092102201843],[85.79380443062638,22.081107282692155],[85.77622548409761,22.05524758737877],[85.78149029219995,22.032277430016208],[85.76200467904613,22.012411806023803],[85.76663558933832,21.9937762934741],[85.821241937559,21.984227455229036],[85.82417789364504,21.974133902591277],[85.8969198712537,21.982663599819407],[85.91119964351324,21.970800159168046],[85.91801382637789,22.00890555994405],[85.94833069063533,22.023221223905676],[86.00617582878529,22.11294466265316],[86.00035428687804,22.13571899215866],[86.03242199969148,22.18908536459538],[85.97554435238773,22.24714106967772],[86.01422693151896,22.296352847377314],[86.0490015708852,22.309860786804016],[86.01415236695011,22.31360652411988],[86.02616336621692,22.333026696336646],[85.99864359259269,22.341759285245995],[86.02725123322035,22.385303581679768],[86.0145015722989,22.4277916339379],[85.99873860218665,22.42560139726091],[85.95931601466823,22.45936326738988],[85.96394888263126,22.479542744184478],[85.98651092109908,22.51305974085979],[86.02781812486535,22.52387774656905],[86.03403277507488,22.537631729979974],[86.0241274650191,22.546921372848274],[86.04425789030229,22.566853831676994],[86.06758582270811,22.551790917340668]]]}},{"type":"Feature","properties":{"district":"Nabarangapur"},"geometry":{"type":"Polygon","coordinates":[[[82.01751957026656,20.049053289354337],[82.03197350484785,20.01439822422564],[82.065458803192,20.05418724330391],[82.12367041669802,20.014857346472937],[82.1734141826931,20.002693594743],[82.1860586442133,19.982669657322642],[82.23821695171165,20.002695163487257],[82.26929515484824,19.976254861846083],[82.3058543009111,19.888360953155498],[82.34709545411667,19.835015418338855],[82.39643545522202,19.886777078622085],[82.44711364595662,19.90794600411885],[82.50185174517404,19.902459235359146],[82.53068661938443,19.87796840981198],[82.53751512687295,19.887301053191617],[82.55190863503866,19.874244529992787],[82.60500153427198,19.865756134486308],[82.57889832354729,19.82771568323759],[82.6032046938904,19.746413609791226],[82.5640673374813,19.726491522922487],[82.57428978280083,19.713054124103188],[82.56843700486026,19.683261674454528],[82.57840587630632,19.679990093675517],[82.5574468352457,19.644155863717774],[82.52808515872123,19.62997643793252],[82.54992285536582,19.609776646522665],[82.53198182446724,19.581555624624713],[82.55921025159047,19.57931370616741],[82.5690779493631,19.542963214372918],[82.6169878996832,19.538380901956707],[82.60833777727701,19.520253950274792],[82.6427751470534,19.510584127199508],[82.63406446841876,19.482347443846763],[82.69361433892517,19.41697556768595],[82.70944504665609,19.41859839597257],[82.70860915428108,19.38332403950436],[82.72754302551368,19.346247152812428],[82.7430291683404,19.349146956788825],[82.75728916927648,19.327987478219963],[82.78119058316837,19.343807126466288],[82.8000973410709,19.328837076995377],[82.84928891692779,19.32336536879372],[82.82707710914424,19.256560950875667],[82.80555018224996,19.23682529199281],[82.83903164770086,19.234932219983428],[82.85618883351492,19.20560519762512],[82.82868771388551,19.18018723387147],[82.82984224794914,19.14793026289286],[82.81823505955218,19.17037591599623],[82.80175314311879,19.14947400732851],[82.78963116495329,19.17064128784347],[82.77407570820218,19.166249518566637],[82.75644976476237,19.18329274520633],[82.7417606652933,19.15987104686559],[82.72368552022786,19.15974507992153],[82.72386720705813,19.17342526182259],[82.67956638534456,19.195906327233786],[82.63933242830325,19.1753215664099],[82.6401654479918,19.14895014376204],[82.62550174090609,19.15022075270259],[82.61627791508414,19.18261796216853],[82.58967608712962,19.2015442935287],[82.58192290381781,19.19552631387255],[82.57362585025824,19.21146685815888],[82.57225964698863,19.200745383336127],[82.51699662534014,19.202520174669893],[82.48980318070382,19.18020378692161],[82.4361813632802,19.1708090523686],[82.40906744320286,19.18401701829437],[82.39695102558022,19.209100925623176],[82.37384996794327,19.19845211108348],[82.32779264071115,19.218192411828714],[82.32259496760267,19.19724330332584],[82.29455876065569,19.191435055253905],[82.2419834452184,19.226585932789078],[82.22658088439307,19.219011748277875],[82.21975567371383,19.238859245035385],[82.17991256484017,19.214837707842378],[82.16164617898217,19.22177234050519],[82.1595942467901,19.27136121381313],[82.19100588026203,19.325535348000436],[82.18808467642566,19.338010340311307],[82.15017046109526,19.353896735336107],[82.1489722657018,19.371476444930995],[82.17418434598487,19.371651237865798],[82.19084563918253,19.42325774569377],[82.17501413543485,19.435455393436644],[82.12708603822097,19.429462088332556],[82.1046528434497,19.46654056000128],[82.09980936085695,19.51520247212025],[82.0785963965613,19.5212495270596],[82.06754403727162,19.508973716021604],[82.03014038642611,19.507093986151837],[82.05387167651371,19.543867701496918],[82.04167457262916,19.595830775662474],[82.05905450421791,19.629541040522597],[82.04522358078418,19.708846464654627],[82.06748105207554,19.787913599936285],[81.9877858875749,19.800472930822718],[81.9650343673687,19.840607706681944],[81.96797649076488,19.85929916244839],[81.86598908436142,19.903914346835123],[81.84485420238359,19.954322700323075],[81.87408068574713,20.040169132053425],[81.89698988690361,20.04741031489419],[81.94449484193606,20.105234475767983],[81.99414545009506,20.05628880208716],[82.01751957026656,20.049053289354337]]]}},{"type":"Feature","properties":{"district":"Nayagarh"},"geometry":{"type":"Polygon","coordinates":[[[84.85162539701314,20.528222207828513],[84.8849136130069,20.499124574748],[84.94559893956382,20.492268486121038],[85.16048804938815,20.37821740703687],[85.27821002875167,20.35774627746129],[85.37135726436121,20.36628757484874],[85.37404265688785,20.35054427023336],[85.35095470778596,20.319924458379887],[85.35616444117107,20.301807663726123],[85.33041679834731,20.27469539023951],[85.32743121419439,20.253733387972325],[85.34282394712294,20.25345908302224],[85.3406345946868,20.245073282439083],[85.32417460924006,20.23084946342762],[85.25634988166395,20.22635433001621],[85.2445143092555,20.208003610314968],[85.22688230789892,20.223065682065176],[85.20152162343277,20.190190070464922],[85.21465135731243,20.164709935753343],[85.20587442995163,20.154529710222253],[85.21769927225306,20.12817570151781],[85.24102197123148,20.114479627125508],[85.27111170633513,20.146350830785156],[85.31233380981836,20.15408721001365],[85.33334814785222,20.1801073564294],[85.36883861820688,20.180674042134616],[85.35629966123778,20.145155229751477],[85.38468894702322,20.155815963539805],[85.3924374760244,20.135481518203246],[85.41451636260484,20.12750603489561],[85.38098486660628,20.071503099292343],[85.41513083758673,20.020595111283548],[85.4351507826259,20.02704086444414],[85.4169099147425,19.994959884244587],[85.44091596853364,19.99426908696427],[85.45726982643981,19.973067611416273],[85.43646832948401,19.94016516406935],[85.40384411536515,19.929580001379907],[85.36366158548171,19.958164589742065],[85.33191187413287,19.925642939991814],[85.24543846123514,19.90544631087802],[85.16732296368502,19.904499102681566],[85.12798193687684,19.933264578403584],[85.0102113906666,19.89966078585963],[84.91163394652487,19.905262419737994],[84.90625179025575,19.914219553005537],[84.92411441686627,19.94133535725977],[84.90214531001435,19.992996596806965],[84.86304962148105,20.000326845559258],[84.85690316747153,20.030267397320493],[84.79928638817053,20.094474334992537],[84.80381416572025,20.114441218046224],[84.82217061496387,20.12279343739912],[84.82891628703901,20.222509362169856],[84.79230110242149,20.229241172778142],[84.76955127822515,20.247502815601823],[84.74391544817719,20.245033666088155],[84.69674453537603,20.281441982631492],[84.67363484315143,20.273453649471982],[84.64086975479155,20.19951109356027],[84.6071937836646,20.179194980556527],[84.5901120609162,20.18330869997132],[84.54747242325108,20.24447063838132],[84.54401911215551,20.326781974587625],[84.51646946638925,20.320801370359423],[84.51301347441154,20.340069704100404],[84.4875404403635,20.342327593165386],[84.51980229423448,20.372473503277796],[84.51859069433834,20.406398961802076],[84.62216466110284,20.43434260138237],[84.67515720942937,20.429945402250386],[84.69237906119085,20.442217024156104],[84.68479874481866,20.46294658145669],[84.71644401251667,20.521016213780047],[84.74464515971782,20.540488583718517],[84.77709631281857,20.535850708861986],[84.79630120582534,20.560300832002056],[84.7943491488926,20.58117079084827],[84.85162539701314,20.528222207828513]]]}},{"type":"Feature","properties":{"district":"Nuapada"},"geometry":{"type":"Polygon","coordinates":[[[82.70293201513529,20.725693475652267],[82.69632079158394,20.680711500290546],[82.72408901434788,20.67173196732911],[82.74321654053557,20.62299263958103],[82.73026677529626,20.581082506827965],[82.7134405016624,20.566956815639625],[82.70747729895594,20.500174092420437],[82.68673355474034,20.450053105880333],[82.73224418192119,20.384248228240043],[82.71964528146574,20.35746835931924],[82.7713162505848,20.354748433326687],[82.81734511940422,20.383106909894355],[82.7923514935195,20.326041656252677],[82.81469282603175,20.328137436476656],[82.8174638249604,20.358584522922452],[82.82691969013128,20.34421594531064],[82.85310358061086,20.340492522067407],[82.85074348301558,20.293210104165095],[82.84016091025438,20.294933664130717],[82.83726996725537,20.320463717406163],[82.8232441987415,20.321757186369148],[82.81439329860468,20.295122705684236],[82.82537623511428,20.2824113728599],[82.85639951103494,20.281998091140995],[82.86276112828456,20.235036530102892],[82.84897334013328,20.196310749395685],[82.81421922794512,20.180571248130516],[82.82502855291034,20.165502514563354],[82.81529210581787,20.101746110316302],[82.79037192882734,20.101570871324117],[82.75642480047394,20.055590117665766],[82.73922975285721,20.05213771151479],[82.74826035365942,20.04185883911763],[82.73865688173012,20.0242926314304],[82.70481562499046,19.99783772287081],[82.63932745132097,20.005145324675123],[82.60595782278767,19.990697827885672],[82.55119814854494,20.017070013145293],[82.5097160891758,20.018429209836036],[82.40334226281784,20.053710907073526],[82.39842490914056,20.06427706990067],[82.40020545738801,20.112842200860307],[82.38647065213766,20.149143484914823],[82.42113184607356,20.20671784362582],[82.41259800502914,20.26784965620484],[82.43673593283526,20.2872709729847],[82.42994271198394,20.313917273166336],[82.40127642710019,20.339696403841764],[82.41738957621297,20.406762926684706],[82.436639281022,20.429806924838086],[82.41753118434934,20.47724591168279],[82.39556232731103,20.456476717959994],[82.38794565756278,20.513711829246773],[82.3562331425776,20.526720802924658],[82.33145848796421,20.55759385476092],[82.34807701275302,20.57342973752386],[82.34612279353728,20.597961004307216],[82.37566399027055,20.627696651952252],[82.34253094604746,20.761884804723262],[82.34143055026138,20.84380533858376],[82.35400150069069,20.887002525557243],[82.36656665260644,20.88587782485602],[82.36642514010175,20.86974303533859],[82.40879618928156,20.865687134155227],[82.42293021181236,20.829800351923478],[82.46644473457593,20.827215959395314],[82.48930838122075,20.858656065843928],[82.49303835594154,20.906782954366488],[82.55309586566385,20.938218455046933],[82.61181031089652,21.00908410112766],[82.62967202637292,21.039748967373658],[82.6167360330548,21.074302060619054],[82.63920359845001,21.090060371766214],[82.66865566963824,21.068736422469232],[82.69376657427823,21.02170873240266],[82.68967623618381,20.97237991975718],[82.70137054449751,20.940313310701075],[82.68555748114083,20.872753588606816],[82.69844568073748,20.75725266229521],[82.68943133171874,20.734788657373322],[82.70293201513529,20.725693475652267]]]}},{"type":"Feature","properties":{"district":"Puri"},"geometry":{"type":"Polygon","coordinates":[[[86.08268494057508,20.106345026386876],[86.09189283639856,20.091675292856646],[86.07735653551345,20.08229069159877],[86.08204716907491,20.068689671663908],[86.09030299772209,20.05992955771671],[86.1175938946163,20.066866702900256],[86.12889380053508,20.04021812686416],[86.20007419275957,20.053512112695365],[86.20982831488614,20.03969154759302],[86.24813722660002,20.03870643357481],[86.25706790561702,20.054396073868553],[86.2788861638422,20.05711955742547],[86.27344837646014,20.04422596369903],[86.31700243761057,20.028175260544717],[86.37766418358032,19.955241609338984],[86.24584835925893,19.908338232605807],[86.24629259114157,19.922578578278035],[86.22811516337437,19.93284076393616],[86.22112389089128,19.908655932291687],[86.23246983138735,19.89826468277548],[86.21157512057732,19.887963496258337],[86.04547355371841,19.84148858525128],[85.90872932644007,19.819870898005664],[85.69637489266748,19.751335274203743],[85.35092170349023,19.583861070852663],[85.17797496437862,19.463770284048575],[85.15927618347679,19.482848238968906],[85.13709896226273,19.52087902604061],[85.17731936755582,19.557624505519698],[85.18445383174806,19.67549079743299],[85.20606786238282,19.68430095653439],[85.19118979753175,19.70109485667559],[85.19542800797818,19.717680654557274],[85.21972732635534,19.745609180478077],[85.24189286737727,19.741243781518744],[85.25501929788612,19.783537827449027],[85.32808766753324,19.800893452709772],[85.3442305535816,19.827902161862223],[85.38163915557111,19.84218764053578],[85.40682793025907,19.88569397306839],[85.53135119510804,19.88746538429035],[85.5612856953697,19.873198307239072],[85.55252721689531,19.85899406104803],[85.56478566536374,19.854581629943915],[85.56689785349026,19.916767538690472],[85.52881250048016,19.941088383349907],[85.51037854298372,19.925767931842174],[85.51979950749697,19.941882633450042],[85.50253645910198,19.945464666348425],[85.53167907377696,19.97731340178407],[85.56534715569322,19.949477224704825],[85.57293198348097,20.023791099673502],[85.59478541195682,19.994916689959197],[85.61765699830146,20.018064169403228],[85.61788929080798,19.9912876720459],[85.6312649393025,20.02454146807693],[85.61740159940723,20.041990634097022],[85.62054125329006,20.058706275752446],[85.64639155423171,20.082843048488783],[85.63348485131476,20.09998238518352],[85.65241721882389,20.0963218846624],[85.65354420021757,20.06555325151794],[85.68028202626455,20.07152811349094],[85.67762358384456,20.086808419138514],[85.69248674273483,20.095073079348847],[85.6774376371397,20.112114369210985],[85.689437260538,20.14900866109688],[85.72021598973306,20.142035016145694],[85.7227013434238,20.12961157901594],[85.73327946715948,20.151285548790852],[85.76321964249347,20.151971480283358],[85.7656076547108,20.166599780589124],[85.78372894171474,20.16654214328536],[85.79678409088477,20.15085447128433],[85.8272209434999,20.158408677294883],[85.84055129374431,20.195702364120127],[85.84547622337294,20.174715477429782],[85.85633095457824,20.175577797640187],[85.85380794902068,20.19352649367039],[85.88940243077195,20.176391655097248],[85.90222297636413,20.14469419810105],[85.87551219162361,20.122287865005504],[85.88558709868694,20.110022122660467],[85.90011588252027,20.112575924385006],[85.9046984215696,20.128035144732728],[85.927354363022,20.113979515647642],[85.96045928124464,20.120203968267397],[85.99540395749983,20.106658043710848],[86.00781495129692,20.116186984780587],[86.0208886186745,20.10158264437948],[86.08268494057508,20.106345026386876]]]}},{"type":"Feature","properties":{"district":"Rayagada"},"geometry":{"type":"Polygon","coordinates":[[[83.49616965194633,19.959576927019043],[83.56256252593741,19.92864687878657],[83.52862263843627,19.87700606232503],[83.52904288580474,19.85764773866104],[83.58899887646886,19.82269408466989],[83.60244695028521,19.832908359108153],[83.61954428527528,19.815005087977184],[83.62234830006228,19.7778926547298],[83.6100078736717,19.754824753336525],[83.6282847715795,19.742504614752118],[83.64486656494996,19.703619631348545],[83.63750672244124,19.672357446140975],[83.64927949059916,19.657922170364962],[83.69468539060189,19.68824761639083],[83.74053341487502,19.654501201332906],[83.76380458313469,19.679478649394998],[83.7690970738432,19.71293650219557],[83.80877036691905,19.716813564070236],[83.8435447387725,19.70958838197023],[83.87400008349981,19.674077676589796],[83.93271960669199,19.6768080663648],[83.93810259131182,19.66866226831715],[83.92654120322817,19.662894836269885],[83.9431979853507,19.63504857222411],[83.92721631405621,19.63028560364066],[83.93442978686355,19.571427026445757],[83.94400385212359,19.549895807428932],[83.97720038777805,19.530265779524623],[83.96081355512553,19.49986308385298],[83.97864822399977,19.485487501625776],[83.94418376827304,19.419793961521556],[83.94703749348312,19.397544265749197],[84.01732332273782,19.374075612709078],[84.03002204207323,19.3453542569646],[84.01100928150397,19.25142694066213],[83.98298217028834,19.20889841081617],[83.99832681345046,19.187966170225543],[83.98458507980949,19.16141057371099],[84.03227144804012,19.13094816144339],[84.01493663178384,19.127675822100354],[84.0135426426353,19.093428432992184],[84.03016394812214,19.053885628159225],[83.97156920978479,19.065483592183153],[83.96528068074349,19.04443888608602],[83.98791295977466,19.020377858335547],[83.95868171402766,18.986025920666243],[83.9134421930398,19.017382189481403],[83.89790521702776,18.983521873197677],[83.86290992343145,18.979303296288833],[83.81424197151166,19.03131864463636],[83.78330319696681,19.017198176327312],[83.74724996000562,18.986706157196053],[83.75806457389524,18.95272228702851],[83.78484360678458,18.927497915666137],[83.77899288315919,18.909758352874217],[83.74985661713035,18.93152176775529],[83.73397780419931,18.983815944208725],[83.71342289657052,18.993462891429324],[83.71269603753089,19.007645958224366],[83.73091370064859,19.020076840503187],[83.70471733940846,19.024623511956985],[83.66452974722645,19.082929129803702],[83.65710451662666,19.12975719678813],[83.63751419968767,19.134843029740864],[83.63092909729795,19.16142442493827],[83.60198817552555,19.128161005766806],[83.61211994882454,19.096088626618595],[83.59214057007128,19.087626800367563],[83.58649559589168,19.05774882258025],[83.56537564636736,19.0593124083877],[83.56268577960397,19.086002955132866],[83.55415751725253,19.08170539106303],[83.56002950241691,19.055127025357393],[83.53914737656592,19.013416899136352],[83.5031745975203,19.01903803659877],[83.50131531670034,19.034718369882274],[83.52143054956719,19.032714859257148],[83.5131439843407,19.072618193177505],[83.50138774909061,19.060948717823276],[83.48099565406513,19.085547593694937],[83.46716050348822,19.077459736657715],[83.48573766938328,19.029091507199634],[83.48237169199056,19.008258960766284],[83.45630033319482,19.00755196053027],[83.47004888152318,18.971595498553995],[83.45903047650755,18.952499681992116],[83.41659447153127,18.987805662163545],[83.41665210114455,19.00407340788038],[83.37531466341035,19.00146993985445],[83.3484368634585,19.01681852571405],[83.36432224968551,19.046212833741635],[83.34454253990373,19.05464996996277],[83.34107235843241,19.101379964943632],[83.29934698615723,19.12141709029231],[83.2872904410006,19.114429738768337],[83.28531262953459,19.124392141754093],[83.26263198364202,19.06997567904425],[83.26696622628602,19.04967740656639],[83.23880518597775,19.023298478670217],[83.24153813510313,18.972644540681483],[83.20402144037377,18.977868389996377],[83.19023177176311,19.014894706389992],[83.19494400205646,19.074848466655034],[83.18919159578073,19.092879723402103],[83.177181924858,19.091576529483905],[83.2076700975871,19.130317347679608],[83.24410384884766,19.1264937321515],[83.25990188879756,19.164169333013454],[83.20216959297737,19.166988897364185],[83.20465022813353,19.14948537842543],[83.18968285338076,19.14595085729735],[83.20057581530718,19.132674841502773],[83.18124715123642,19.11224394593494],[83.16899842085137,19.12132260914863],[83.18404120599794,19.144418999312155],[83.16102394018475,19.12323784783182],[83.13756946867478,19.136685286152968],[83.13086201855693,19.093664367870243],[83.10433151322707,19.111854576105486],[83.07618268085888,19.080942988483237],[83.06375081289438,19.044193877216934],[83.02306580913447,19.064221417930725],[83.03087078833565,19.08049921264479],[82.98403799798535,19.133151470545155],[82.97952798800871,19.173651010145544],[82.95050085131757,19.15476162367555],[82.90468042934239,19.15869710772734],[82.87884011776221,19.183997675881148],[82.90226929205492,19.229363972607132],[82.89076923728082,19.254300158154745],[82.90492063303523,19.285126792481666],[82.9575216601165,19.324929039782386],[82.95299571587489,19.39057207182615],[82.92457439064997,19.435199264412546],[82.93940663692817,19.44973683579005],[82.9605218568877,19.437073174360084],[82.99176692377668,19.44731321098108],[82.99377042271693,19.490050124626435],[83.02699499155663,19.512365153120466],[83.03899016515443,19.55254666985004],[83.07046919174432,19.5622368904046],[83.08913928653763,19.539997133205812],[83.10502112772211,19.54252610418314],[83.10950947203,19.50904397742412],[83.14744080943181,19.499936839969074],[83.159239835135,19.48547014200895],[83.15517791831661,19.457062752136355],[83.18299971232064,19.424207164443217],[83.18808050913839,19.463848146591683],[83.21818159024262,19.43542235555868],[83.20531498512935,19.46348869226155],[83.22853768664028,19.503284561846808],[83.24814441299931,19.50822083365467],[83.26756376601747,19.600906385865848],[83.30305503203667,19.59147701795885],[83.3552514806177,19.605351283501754],[83.3733697207726,19.598175371551896],[83.38624852673773,19.667027875142733],[83.43091153882361,19.698111454016196],[83.45579706214838,19.74000244932193],[83.45937048488508,19.796746175729933],[83.44092278008765,19.802192533437527],[83.42927983311152,19.874574327491313],[83.40732457801546,19.92041499318387],[83.44294090981072,19.93319035059924],[83.45229165458936,19.972519568697436],[83.49616965194633,19.959576927019043]]]}},{"type":"Feature","properties":{"district":"Sambalpur"},"geometry":{"type":"Polygon","coordinates":[[[84.67989431176416,21.73450347506972],[84.63898029682841,21.73692316187539],[84.63931564727696,21.70449659322803],[84.62773735710682,21.694722543448645],[84.57874858609303,21.699994483012546],[84.54477777556302,21.67671938799477],[84.50551406106331,21.67936385984434],[84.49148095798611,21.637699718793513],[84.52760320937294,21.622621686373765],[84.57500261010085,21.572385182910903],[84.53997213458305,21.578601940702747],[84.54478175282601,21.569617050670143],[84.51164544643346,21.559287549846],[84.48413209817562,21.505783275303163],[84.5021901308839,21.49576034134234],[84.47952139846656,21.480139405096626],[84.49139032746164,21.47334032672259],[84.48223893846017,21.424077792615357],[84.49315071772263,21.41242749299237],[84.48255752632988,21.39294832680286],[84.49648181421365,21.383233617656536],[84.49133061282782,21.36764376168041],[84.53768383933848,21.380707173190412],[84.54917638511769,21.37188943300555],[84.57020861179686,21.32070589286291],[84.57103949999858,21.251079406876258],[84.63249309792718,21.275527761351732],[84.66559464144963,21.311606956970603],[84.69194080313812,21.320269995386862],[84.71729988294766,21.31496490307422],[84.76636203552107,21.272261916755618],[84.75837141505791,21.257692300039523],[84.77241404148661,21.252183227353044],[84.76129456311644,21.22436371745274],[84.74418838672696,21.231993940739635],[84.72461292788282,21.217328221294974],[84.74481335311405,21.170559149884546],[84.72561397311189,21.149267752653802],[84.6856228649451,21.148986019450376],[84.67082019877513,21.09544467332042],[84.68330275847148,21.064155565632014],[84.65185592605353,21.084370450887533],[84.58931941529467,21.063855952330172],[84.53530735401868,21.088591289095536],[84.48516459876494,21.08251092102912],[84.442196404327,21.034548268532294],[84.41068440024277,21.030723822837395],[84.43595994061167,21.01421373529523],[84.37259110337024,20.95485350723949],[84.33226574343016,20.952172198720685],[84.27527002409188,20.923836805046403],[84.24172900407878,20.926144729875787],[84.19467186322986,20.976624324923677],[84.16097448793329,20.975660174631955],[84.14798725875396,21.035579701968253],[84.02020687701435,21.05522204851429],[83.99094715616232,21.079231405811125],[83.9860353626573,21.13473640784897],[83.89585842977095,21.178138696162325],[83.91342201307985,21.245988023900615],[83.89154485817622,21.296631817005935],[83.8783956536706,21.29374982075861],[83.87162066069286,21.31058602542243],[83.88093259117929,21.39006606085731],[83.84957322954713,21.410204101438925],[83.88679189157862,21.43879840025798],[83.84679406970218,21.52728621465729],[83.81527146679674,21.539688621281666],[83.7998582734909,21.566193543473087],[83.82344552700526,21.594169251407024],[83.8942160829873,21.57366600768318],[83.97367120960853,21.57748298340725],[83.97319857748153,21.708701311985212],[83.94420350681789,21.72760212331428],[83.96989203249066,21.765693413158417],[83.99086241281275,21.751788199191157],[84.01497619260208,21.786139059017536],[84.03869628092129,21.75907812121764],[84.11524037462284,21.788961609692524],[84.19015562876801,21.754208782386605],[84.22120489391904,21.76641885417307],[84.2909945474627,21.766106597074742],[84.37721606709967,21.95444534679088],[84.37561843755039,21.97466112441949],[84.39329120911682,21.992291614392553],[84.38921839693599,22.024092526453256],[84.35762494505975,22.036519653034176],[84.29954090364333,22.033670912574866],[84.28970428062873,22.016820095910205],[84.26962873200057,22.01407246100999],[84.26800996622326,22.10425964587484],[84.27810625358515,22.121077654780926],[84.32598295127808,22.124417119230948],[84.47814208876225,22.18857245955165],[84.4969298125565,22.098414519086603],[84.51447577360317,22.08437717447191],[84.51372445803447,22.053187405704875],[84.53000336059182,22.044601891194024],[84.51095287204262,22.019396599283898],[84.50359827684875,21.97027929721043],[84.50809770838573,21.960253417048136],[84.52902116589775,21.97359443950413],[84.52061794186726,21.945193686768626],[84.53025010243735,21.927622455225638],[84.4958819636204,21.907543221231645],[84.53140373999035,21.882068106383535],[84.53883934610258,21.860491951452012],[84.52866679487141,21.813223494697592],[84.56893863653286,21.787152816583184],[84.55906586293625,21.76703919271903],[84.59362338136852,21.757720467903084],[84.65475839119425,21.766636661620907],[84.67770987641374,21.753829774630784],[84.67989431176416,21.73450347506972]]]}},{"type":"Feature","properties":{"district":"Subarnapur"},"geometry":{"type":"Polygon","coordinates":[[[83.89585842977095,21.178138696162325],[83.9860353626573,21.13473640784897],[83.99094715616232,21.079231405811125],[84.02020687701435,21.05522204851429],[84.14798725875396,21.035579701968253],[84.16097448793329,20.975660174631955],[84.19467186322986,20.976624324923677],[84.24172900407878,20.926144729875787],[84.28289983750118,20.92712555559012],[84.26757893013678,20.889322856548333],[84.21786510867366,20.90169550503823],[84.1129013377087,20.84561121928674],[84.05498770086818,20.82829490432592],[83.94054729304791,20.840987547415693],[83.89866957302472,20.81606900423806],[83.84515549975936,20.823748324151428],[83.78120166731985,20.798866034793836],[83.76335930420153,20.7750029180118],[83.75943085320854,20.715526885433356],[83.71869229168968,20.640189551609318],[83.73480443802401,20.622308056298795],[83.7314884071819,20.60622414503577],[83.68906723510369,20.560620146440954],[83.60637171222587,20.529909935725925],[83.5954582886461,20.541980564281065],[83.59585877847815,20.603606945543078],[83.62248848067615,20.630563967798746],[83.67777329678626,20.742197013634023],[83.65339171296698,20.751902751683282],[83.65602802808861,20.77300073805083],[83.63769941894425,20.771790852999167],[83.63623498885595,20.796853578015035],[83.59754478813612,20.802664331765666],[83.59729693001763,20.822361157239904],[83.6241359210095,20.81600947067011],[83.62560404946578,20.826739614827627],[83.57384675216937,20.85282709886302],[83.57978937861557,20.873481072526456],[83.62085663573478,20.903689147769295],[83.61128552065297,20.933366890673796],[83.64176249010916,20.98011458176659],[83.57528797272506,20.97508805166062],[83.4709377910294,20.997600399445258],[83.45072380242401,21.019140563228405],[83.45929295524819,21.05494645314746],[83.49900892404374,21.041652664755166],[83.49770802297415,21.061777578213412],[83.5521019069536,21.076985119511978],[83.61377215336259,21.12900348130005],[83.71812869817207,21.121055138854224],[83.7700520130906,21.1549654612051],[83.7854136595779,21.152077800887458],[83.79968277410178,21.115994367295603],[83.84481801448553,21.09735781843612],[83.89585842977095,21.178138696162325]]]}},{"type":"Feature","properties":{"district":"Sundargarh"},"geometry":{"type":"Polygon","coordinates":[[[84.00952399896994,22.522861380550367],[84.0645995315763,22.512204423113573],[84.11309423391432,22.47600879194132],[84.14188148401472,22.47312933282624],[84.14283536415672,22.422939073342093],[84.1594295200712,22.40323778254834],[84.20102688832819,22.374203250935544],[84.25344924502168,22.37613210503239],[84.29609191707668,22.339836147197328],[84.43289043862065,22.351421003334483],[84.43372744473034,22.367228787446745],[84.45465094592531,22.381661894096666],[84.4843765881488,22.38626790614473],[84.48345997198547,22.408541352108372],[84.53339052474443,22.422595771415725],[84.63879174035122,22.4312841366324],[84.66828976308705,22.416605920547816],[84.75049978235107,22.417493313995042],[84.7593269569011,22.444710683472422],[84.81440355933519,22.449592248509536],[84.8192894894211,22.434369743231425],[84.83913583888683,22.4291653885687],[84.88309615946393,22.446025965037244],[84.88680855732858,22.42041931584897],[84.90034112174419,22.420850460094233],[84.95379507359321,22.453902015087248],[84.9611006864923,22.44175071443566],[85.0397732448317,22.479765702832985],[85.06894486821027,22.48126887745421],[85.08007535226626,22.469556934962842],[85.06349855382474,22.447615380468125],[85.0895133086283,22.381480338853425],[85.08048549878195,22.351661754817673],[85.09937523791017,22.34419306417945],[85.09437502544581,22.317231863848207],[85.12042800744408,22.317368506728737],[85.12085365383598,22.293674867894076],[85.07692883363285,22.275354439256343],[85.07588831858101,22.233916836205772],[85.05420972147672,22.17765074471654],[85.03183310432688,22.157354295681955],[85.03017024383385,22.1154076335016],[84.9862647554709,22.088121806452676],[85.00877483091344,22.083404855509645],[85.02638550230331,22.10680991664134],[85.05031017049095,22.1141372870336],[85.10182486961943,22.102941930327596],[85.12523999020432,22.070036737364696],[85.16189247526836,22.074035292805817],[85.17352949566025,22.052309206140613],[85.17070629586722,22.068823931592707],[85.18308049792962,22.07032297163825],[85.21704680226547,22.04684003163789],[85.22118767839585,22.014422835952782],[85.27489737794767,21.959668670215777],[85.3721937767871,21.93733493375421],[85.37725342156688,21.909689562344134],[85.3602573556873,21.851940744591],[85.34373905054103,21.827310498141664],[85.31745912231577,21.818719383200875],[85.28566519677985,21.83593348398874],[85.2440759847922,21.803587379119364],[85.23092538374935,21.822134468212354],[85.2046488410018,21.76803398670244],[85.21555133731509,21.741075302633284],[85.18699459433373,21.70806715815607],[85.19422046931632,21.66314396131084],[85.18398251782844,21.646743449757572],[85.19728372545978,21.640155853864602],[85.15052658476311,21.594015938920403],[85.08815302365113,21.603391100557467],[85.05199443609948,21.58888326009227],[85.03683598334861,21.606559663760642],[85.02772962606753,21.671533842769325],[85.00039926515818,21.6819868826974],[84.98020089377665,21.673199725557662],[84.96001281652623,21.68278516799839],[84.94263588712082,21.659844048161514],[84.91725282799396,21.6702985231845],[84.86591037972198,21.652347003941916],[84.79322866039938,21.668384759518744],[84.7933908508133,21.631844649521753],[84.75929200150648,21.624658445535523],[84.74913125209335,21.68143067208005],[84.72063926318737,21.714931155082585],[84.69794645504717,21.706658828685775],[84.67170546051473,21.75923079276457],[84.55906586293625,21.76703919271903],[84.56893863653286,21.787152816583184],[84.52866679487141,21.813223494697592],[84.53883934610258,21.860491951452012],[84.53140373999035,21.882068106383535],[84.4958819636204,21.907543221231645],[84.53025010243735,21.927622455225638],[84.52061794186726,21.945193686768626],[84.52902116589775,21.97359443950413],[84.50809770838573,21.960253417048136],[84.50359827684875,21.97027929721043],[84.51095287204262,22.019396599283898],[84.53000336059182,22.044601891194024],[84.51372445803447,22.053187405704875],[84.51447577360317,22.08437717447191],[84.4969298125565,22.098414519086603],[84.47814208876225,22.18857245955165],[84.32598295127808,22.124417119230948],[84.27810625358515,22.121077654780926],[84.26800996622326,22.10425964587484],[84.26928330546473,22.00742899809798],[84.23320311881675,21.974942080439007],[84.12130597360968,22.011062200092894],[84.11011236422985,21.99328438671988],[84.07289263152914,21.989646496850956],[84.08944562661684,21.967039353046697],[84.07869875395465,21.93715615390411],[84.02926494676288,21.95279660855968],[83.98100195138103,21.906275761802373],[83.96126000085036,21.94132356868348],[83.89675531516369,21.946271204043537],[83.88069093917484,21.923925547672297],[83.8543804733627,21.92265886141461],[83.8650216244049,21.910634306634048],[83.83490668219233,21.89590443270713],[83.82993050842856,21.8780237366744],[83.81655752206797,21.883146241982782],[83.81437566210603,21.855215104531595],[83.80063962681588,21.868876789717817],[83.78254907219164,21.8562855767973],[83.72189186325315,21.78639341343026],[83.64319072059787,21.816626233217463],[83.6296232030592,21.84831039209728],[83.58481321773648,21.82932943731001],[83.59304079711285,21.850359936233712],[83.57864229682639,21.874555037763614],[83.6075902565217,21.91347431081895],[83.59489211944896,21.928724358816545],[83.56048675379273,21.93473765177709],[83.56486125718463,21.9464577426866],[83.54230457804404,21.965985161182378],[83.55569422630296,22.009134151951766],[83.5396015346898,22.036419383216053],[83.55014364242219,22.061730674013443],[83.59064323344177,22.05733210397638],[83.60743668919177,22.067890626489543],[83.5663174270114,22.106141615842144],[83.65285897619113,22.226750160788256],[83.70010603888927,22.247679933446996],[83.75987984291216,22.245089886558684],[83.80072358548551,22.289882100955843],[83.82649677522151,22.29465751784153],[83.83225879093641,22.321794548754024],[83.86806101416325,22.345943026731636],[83.90400167765608,22.341884559593662],[83.92257011230164,22.361842721172987],[84.01122046913001,22.369901094346844],[84.0309849686129,22.424351113349303],[84.04701031252401,22.435073768949735],[84.04855312797032,22.466223425231618],[83.98313247964322,22.50422058694527],[83.98713003253333,22.523983887784134],[84.00952399896994,22.522861380550367]]]}}]}